{"global_step": 44100, "_timestamp": 1747176325.5267596, "_runtime": 1725.5752456188202, "_step": 1104, "charts/episodic_return": 199.2142791748047, "charts/episodic_length": 94.0, "losses/qf1_values": 71.89952087402344, "losses/qf2_values": 70.39387512207031, "losses/qf1_loss": 15.338300704956055, "losses/qf2_loss": 17.79718017578125, "losses/qf_loss": 21.811738967895508, "losses/q_loss": 185.55288696289062, "losses/actor_loss": -282.37493896484375, "losses/alpha": 0.07753518223762512, "rewards/eps_rewards": 1.3601404428482056, "rewards/batch_rewards": 1.3835442066192627, "rewards/true_r_var": 0.08211167901754379, "charts/SPS": 25.0, "losses/alpha_loss": -0.49339407682418823}