{"global_step": 2999900, "_timestamp": 1750997026.99509, "_runtime": 79444.49951004982, "_step": 33226, "charts/episodic_return": 2237.048095703125, "charts/episodic_length": 1000.0, "losses/qf1_values": 120.84669494628906, "losses/qf2_values": 120.14337158203125, "losses/qf1_loss": 4.559139728546143, "losses/qf2_loss": 4.959049224853516, "losses/qf_loss_reward": 0.004128830973058939, "losses/qf_loss_reward_t": 0.04878988862037659, "losses/qf_loss": 1.1897735595703125, "losses/q_loss": 1.0688821077346802, "losses/target_q_loss": 1.2139313220977783, "losses/loss_r_true": 0.26834404468536377, "losses/actor_loss": -492.35223388671875, "losses/alpha": 0.019089939072728157, "rewards/eps_rewards": 0.1231115460395813, "rewards/batch_rewards": 0.19639860093593597, "rewards/true_r_var": 0.4332704544067383, "charts/SPS": 37.0, "losses/alpha_loss": -0.007000511512160301, "_wandb": {"runtime": 79446}}