{"global_step": 4987, "_timestamp": 1747064476.4190652, "_runtime": 10.655786275863647, "_step": 230, "charts/episodic_return": 14.252808570861816, "charts/episodic_length": 19.0, "_wandb": {"runtime": 66}}