{"global_step": 2900100, "_timestamp": 1748923020.8786354, "_runtime": 86389.21181941032, "_step": 32104, "charts/episodic_return": 2392.07421875, "charts/episodic_length": 1000.0, "losses/qf1_values": 180.71641540527344, "losses/qf2_values": 180.7246856689453, "losses/qf1_loss": 37.21210479736328, "losses/qf2_loss": 42.20166778564453, "losses/qf_loss": 19.63416290283203, "losses/q_loss": 53.47602844238281, "losses/actor_loss": -653.093017578125, "losses/alpha": 0.036168113350868225, "rewards/eps_rewards": 2.390233278274536, "rewards/batch_rewards": 2.465245008468628, "rewards/true_r_var": 1.1527732610702515, "charts/SPS": 33.0, "losses/alpha_loss": -0.09277190268039703}