{"global_step": 356600, "_timestamp": 1751002274.105338, "_runtime": 9177.212038040161, "_step": 4161, "charts/episodic_return": -293.5408935546875, "charts/episodic_length": 1000.0, "losses/qf1_values": 42.735809326171875, "losses/qf2_values": 42.3039665222168, "losses/qf1_loss": 4.021123886108398, "losses/qf2_loss": 5.029818534851074, "losses/qf_loss_reward": 0.11022110283374786, "losses/qf_loss_reward_t": 0.12953069806098938, "losses/qf_loss": 1.131367802619934, "losses/q_loss": 1.4358402490615845, "losses/target_q_loss": 1.1543391942977905, "losses/loss_r_true": 0.9158405661582947, "losses/actor_loss": -146.2606964111328, "losses/alpha": 0.009809308685362339, "rewards/eps_rewards": 1.5408096313476562, "rewards/batch_rewards": 1.6577575206756592, "rewards/true_r_var": 1.0361396074295044, "charts/SPS": 38.0, "losses/alpha_loss": -0.00140747195109725}