{"global_step": 2999900, "_timestamp": 1752236388.5277843, "_runtime": 31003.586943387985, "_step": 33639, "charts/episodic_return": 4186.58544921875, "charts/episodic_length": 1000.0, "losses/qf1_values": 155.1898956298828, "losses/qf2_values": 154.04019165039062, "losses/qf1_loss": 24.540475845336914, "losses/qf2_loss": 24.766216278076172, "losses/qf_loss_reward": 0.0880294144153595, "losses/qf_loss_reward_t": 0.3751158118247986, "losses/qf_loss": 24.65334701538086, "losses/r_loss": 1.5389326810836792, "losses/target_q_loss": 25.153911590576172, "losses/actor_loss": -155.62307739257812, "losses/alpha": 0.05822675675153732, "rewards/eps_rewards": 0.9147113561630249, "rewards/batch_rewards": 0.8766969442367554, "rewards/true_r_var": 0.7859021425247192, "rewards/pre_re_ave": 0.6464540958404541, "charts/SPS": 96.0, "losses/alpha_loss": 0.03078635036945343, "_wandb": {"runtime": 31004}}