{"global_step": 1478193, "_timestamp": 1751088579.4243155, "_runtime": 86381.76970052719, "_step": 16349, "charts/episodic_return": 741.2169799804688, "charts/episodic_length": 1000.0, "losses/qf1_values": 97.51622772216797, "losses/qf2_values": 97.01625061035156, "losses/qf1_loss": 0.554689884185791, "losses/qf2_loss": 0.5437532663345337, "losses/qf_loss_reward": 0.0003124139620922506, "losses/qf_loss_reward_t": 0.01566445268690586, "losses/qf_loss": 0.1373053938150406, "losses/q_loss": 0.041346676647663116, "losses/target_q_loss": 0.14009326696395874, "losses/loss_r_true": 0.008074150420725346, "losses/actor_loss": -374.65625, "losses/alpha": 0.01799626648426056, "rewards/eps_rewards": 0.9213769435882568, "rewards/batch_rewards": 0.9275344610214233, "rewards/true_r_var": 0.03327641636133194, "charts/SPS": 17.0, "losses/alpha_loss": 0.07457448542118073}