{"global_step": 4987, "_timestamp": 1747065729.9456291, "_runtime": 5.687052011489868, "_step": 230, "charts/episodic_return": 14.252808570861816, "charts/episodic_length": 19.0, "_wandb": {"runtime": 5}}