{"global_step": 521600, "_timestamp": 1749744881.2292454, "_runtime": 12786.417864322662, "_step": 6123, "charts/episodic_return": -286.04571533203125, "charts/episodic_length": 1000.0, "losses/qf1_values": 4.279640197753906, "losses/qf2_values": 4.367936611175537, "losses/qf1_loss": 0.13702037930488586, "losses/qf2_loss": 0.23766832053661346, "losses/qf_loss_reward": 0.03760327398777008, "losses/qf_loss_reward_t": 0.013176634907722473, "losses/qf_loss": 0.04683608561754227, "losses/q_loss": 0.5199018120765686, "losses/target_q_loss": 0.047787051647901535, "losses/actor_loss": -13.80771255493164, "losses/alpha": 0.00965846423059702, "rewards/eps_rewards": 0.13167394697666168, "rewards/batch_rewards": 0.12886539101600647, "rewards/true_r_var": 0.025459827855229378, "charts/SPS": 40.0, "losses/alpha_loss": 0.08095656335353851}