{"_timestamp":1.7411393619276116e+09,"Rewards":916.4515329750666,"Average_Step":1000,"_wandb":{"runtime":49},"_step":22277,"Episode_reward":-0.20278018446826285,"Q_average":0.5090376138687134,"_runtime":49.474999581,"Step":1000,"Average_Rewards":916.4515329750666,"Train_step":1,"Pi_std":1.1654651165008545}