{"global_step": 7700, "_timestamp": 1747060840.2203035, "_runtime": 167.69869256019592, "_step": 327, "charts/episodic_return": 93.54405975341797, "charts/episodic_length": 83.0, "losses/qf1_values": 7.24246883392334, "losses/qf2_values": 7.253910064697266, "losses/qf1_loss": 0.49273383617401123, "losses/qf2_loss": 0.5569742918014526, "losses/qf_loss": 0.37534433603286743, "losses/q_loss": 0.6194673180580139, "losses/actor_loss": -27.211380004882812, "losses/alpha": 0.16205067932605743, "losses/re_loss": 0.0008564498857595026, "losses/re_test_loss": 0.0010705613531172276, "losses/q_r_loss": 0.6114368438720703, "rewards/pre_re": 0.3142368197441101, "rewards/pre_rewards": 0.7958431243896484, "rewards/eps_rewards": 0.8237468004226685, "rewards/batch_rewards": 0.7937583923339844, "rewards/true_r_var": 0.24540674686431885, "charts/SPS": 47.0, "losses/alpha_loss": 3.1519899368286133}