{"global_step": 907300, "_timestamp": 1749795533.4390855, "_runtime": 22667.506919384003, "_step": 10283, "charts/episodic_return": 422.1685791015625, "charts/episodic_length": 1000.0, "losses/qf1_values": 34.30503845214844, "losses/qf2_values": 34.743064880371094, "losses/qf1_loss": 2.4453272819519043, "losses/qf2_loss": 1.8507333993911743, "losses/qf_loss_reward": 0.31542909145355225, "losses/qf_loss_reward_t": 0.1623958796262741, "losses/qf_loss": 0.5370075702667236, "losses/q_loss": 8.852137565612793, "losses/target_q_loss": 0.5479109287261963, "losses/actor_loss": -204.31134033203125, "losses/alpha": 0.009220064617693424, "rewards/eps_rewards": -0.09446154534816742, "rewards/batch_rewards": -0.13231201469898224, "rewards/true_r_var": 0.18465018272399902, "charts/SPS": 40.0, "losses/alpha_loss": -0.03171589598059654}