{"global_step": 8000, "_timestamp": 1747067876.3228347, "_runtime": 306.22908568382263, "_step": 390, "charts/episodic_return": 7.2688469886779785, "charts/episodic_length": 10.0, "losses/qf1_values": 0.05392194539308548, "losses/qf2_values": -0.17008119821548462, "losses/qf1_loss": 0.2804214656352997, "losses/qf2_loss": 0.7386409640312195, "losses/qf_loss": 0.48432570695877075, "losses/q_loss": 0.6202537417411804, "losses/actor_loss": -0.5362474918365479, "losses/alpha": 0.1382565200328827, "losses/re_loss": 0.0007111192680895329, "losses/q_r_loss": 0.6797813177108765, "rewards/pre_re": -0.10583050549030304, "rewards/pre_rewards": 0.7303870320320129, "rewards/eps_rewards": 0.754172146320343, "rewards/batch_rewards": 0.7769016623497009, "rewards/true_r_var": 0.052334219217300415, "charts/SPS": 26.0, "losses/alpha_loss": 2.7962169647216797}