{"global_step": 143213, "_timestamp": 1747182852.0055513, "_runtime": 6458.59117937088, "_step": 2597, "charts/episodic_return": 442.0718688964844, "charts/episodic_length": 227.0, "losses/qf1_values": 198.53231811523438, "losses/qf2_values": 199.5787353515625, "losses/qf1_loss": 0.3942364752292633, "losses/qf2_loss": 0.09372185170650482, "losses/qf_loss": 0.2857360243797302, "losses/q_loss": 4.592748165130615, "losses/actor_loss": -676.20166015625, "losses/alpha": 0.2480890303850174, "rewards/eps_rewards": 2.2773141860961914, "rewards/batch_rewards": 2.3210692405700684, "rewards/true_r_var": 0.4166486859321594, "charts/SPS": 22.0, "losses/alpha_loss": -1.131949782371521}