{"global_step": 2999900, "_timestamp": 1752001671.6922133, "_runtime": 29574.771008253098, "_step": 33917, "charts/episodic_return": 2503.111328125, "charts/episodic_length": 1000.0, "losses/qf1_values": 85.79117584228516, "losses/qf2_values": 87.11993408203125, "losses/qf1_loss": 19.73645782470703, "losses/qf2_loss": 9.119264602661133, "losses/qf_loss_reward": 3.1300697326660156, "losses/qf_loss_reward_t": 6.253450393676758, "losses/qf_loss": 14.427861213684082, "losses/r_loss": 53.93695068359375, "losses/target_q_loss": 72.43882751464844, "losses/actor_loss": -91.38504028320312, "losses/alpha": 0.03223234415054321, "rewards/eps_rewards": 0.5227637887001038, "rewards/batch_rewards": 0.6328573226928711, "rewards/true_r_var": 1.0231068134307861, "rewards/pre_re_ave": -1.2439002990722656, "charts/SPS": 101.0, "losses/alpha_loss": -0.04077628254890442, "_wandb": {"runtime": 29575}}