{"global_step": 150800, "_timestamp": 1747402658.266729, "_runtime": 6039.287315130234, "_step": 2383, "charts/episodic_return": 1035.692626953125, "charts/episodic_length": 1000.0, "losses/qf1_values": 1431.6954345703125, "losses/qf2_values": 1436.13232421875, "losses/qf1_loss": 900.4725341796875, "losses/qf2_loss": 1004.5233764648438, "losses/qf_loss": 818.95361328125, "losses/q_loss": 3488.709228515625, "losses/actor_loss": -5993.875, "losses/alpha": 0.5612719655036926, "rewards/eps_rewards": 2.2521936893463135, "rewards/batch_rewards": 2.3156425952911377, "rewards/true_r_var": 0.5400349497795105, "charts/SPS": 24.0, "losses/alpha_loss": 0.30623701214790344}