{"global_step": 2771000, "_timestamp": 1752028776.4689755, "_runtime": 27039.09288764, "_step": 31308, "charts/episodic_return": 2260.725341796875, "charts/episodic_length": 1000.0, "losses/qf1_values": 76.47502136230469, "losses/qf2_values": 76.29660034179688, "losses/qf1_loss": 28.300973892211914, "losses/qf2_loss": 27.808231353759766, "losses/qf_loss_reward": 0.09205170720815659, "losses/qf_loss_reward_t": 0.010329227894544601, "losses/qf_loss": 28.054603576660156, "losses/r_loss": 3.8242969512939453, "losses/target_q_loss": 30.133872985839844, "losses/actor_loss": -77.43130493164062, "losses/alpha": 0.027819743379950523, "rewards/eps_rewards": 0.08035441488027573, "rewards/batch_rewards": 0.10048963129520416, "rewards/true_r_var": 0.7274346351623535, "rewards/pre_re_ave": 0.33458542823791504, "charts/SPS": 102.0, "losses/alpha_loss": -0.031230757012963295}