{"global_step": 4994, "_timestamp": 1751941620.900325, "_runtime": 6.843996047973633, "_step": 41, "charts/episodic_return": -23.725086212158203, "charts/episodic_length": 68.0, "_wandb": {"runtime": 6}}