{"global_step": 1478300, "_timestamp": 1751088693.8649192, "_runtime": 86391.98702120781, "_step": 16327, "charts/episodic_return": -1494.0631103515625, "charts/episodic_length": 1000.0, "losses/qf1_values": 498.0745544433594, "losses/qf2_values": 504.3415222167969, "losses/qf1_loss": 123.69784545898438, "losses/qf2_loss": 243.8181915283203, "losses/qf_loss_reward": 0.3719440996646881, "losses/qf_loss_reward_t": 10.816414833068848, "losses/qf_loss": 45.93950653076172, "losses/q_loss": 3.1699647903442383, "losses/target_q_loss": 46.87227249145508, "losses/loss_r_true": 0.8024916648864746, "losses/actor_loss": -2444.958740234375, "losses/alpha": 0.4533511996269226, "rewards/eps_rewards": 0.788465678691864, "rewards/batch_rewards": 0.7800557613372803, "rewards/true_r_var": 0.028622712939977646, "charts/SPS": 17.0, "losses/alpha_loss": 2.043128728866577}