{"global_step": 27171, "_timestamp": 1747066742.6548727, "_runtime": 914.0864887237549, "_step": 1642, "charts/episodic_return": 10.748445510864258, "charts/episodic_length": 16.0, "losses/qf1_values": 0.029715105891227722, "losses/qf2_values": -0.12235929071903229, "losses/qf1_loss": 0.24149355292320251, "losses/qf2_loss": 0.5948132872581482, "losses/qf_loss": 0.466897577047348, "losses/q_loss": 0.5490944385528564, "losses/actor_loss": 0.5253939032554626, "losses/alpha": 0.0008515792433172464, "losses/re_loss": 0.00025117740733549, "losses/q_r_loss": 0.6326560378074646, "rewards/pre_re": -0.08893373608589172, "rewards/pre_rewards": 0.6508251428604126, "rewards/eps_rewards": 0.6373568177223206, "rewards/batch_rewards": 0.6568451523780823, "rewards/true_r_var": 0.18266040086746216, "charts/SPS": 29.0, "losses/alpha_loss": -0.00021526904311031103}