{"global_step": 23932, "_timestamp": 1747056269.8529902, "_runtime": 909.7978122234344, "_step": 1013, "charts/episodic_return": 69.56122589111328, "charts/episodic_length": 43.0, "losses/qf1_values": 5.55361270904541, "losses/qf2_values": -0.033806927502155304, "losses/qf1_loss": 0.9023393392562866, "losses/qf2_loss": 33.97146224975586, "losses/qf_loss": 13.151808738708496, "losses/v_values": 4.317961692810059, "losses/v_loss": 97.858642578125, "losses/q_loss": 52.607234954833984, "losses/actor_loss": -0.09923765063285828, "losses/alpha": 0.0018608813406899571, "losses/re_loss": 1.126420193031663e-05, "charts/SPS": 26.0, "losses/alpha_loss": 0.0014964831061661243}