{"global_step": 283800, "_timestamp": 1749710401.690624, "_runtime": 7436.232053995132, "_step": 3339, "charts/episodic_return": 274.341064453125, "charts/episodic_length": 1000.0, "losses/qf1_values": 62.84450149536133, "losses/qf2_values": 62.52897644042969, "losses/qf1_loss": 4490.7509765625, "losses/qf2_loss": 4389.01953125, "losses/qf_loss_reward": 1010.4832763671875, "losses/qf_loss_reward_t": 2.2197580337524414, "losses/qf_loss": 1109.9713134765625, "losses/q_loss": 1825.728759765625, "losses/target_q_loss": 1132.5081787109375, "losses/actor_loss": -159.4732666015625, "losses/alpha": 0.020183680579066277, "rewards/eps_rewards": 0.22483795881271362, "rewards/batch_rewards": 0.21431449055671692, "rewards/true_r_var": 0.033710822463035583, "charts/SPS": 38.0, "losses/alpha_loss": -0.07226350903511047}