{"global_step": 6005, "_timestamp": 1747056270.5542724, "_runtime": 61.224414348602295, "_step": 283, "charts/episodic_return": 49.909629821777344, "charts/episodic_length": 51.0, "losses/qf1_values": 0.7585389614105225, "losses/qf2_values": -0.04749174416065216, "losses/qf1_loss": 0.0014730978291481733, "losses/qf2_loss": 0.705922544002533, "losses/qf_loss": 0.5558469891548157, "losses/v_values": -0.03474786877632141, "losses/v_loss": 0.02201540395617485, "losses/q_loss": 2.2233879566192627, "losses/actor_loss": -3.496142625808716, "losses/alpha": 0.4336712956428528, "losses/re_loss": 0.00033318609348498285, "charts/SPS": 109.0, "losses/alpha_loss": 2.1960480213165283}