{"global_step": 342400, "_timestamp": 1751762093.6356432, "_runtime": 8883.273270130157, "_step": 3915, "charts/episodic_return": 946.0348510742188, "charts/episodic_length": 647.0, "losses/qf1_values": 99.5821762084961, "losses/qf2_values": 100.26609802246094, "losses/qf1_loss": 4.352230072021484, "losses/qf2_loss": 4.34682559967041, "losses/qf_loss_reward": 0.21131733059883118, "losses/qf_loss_reward_t": 0.5272660255432129, "losses/qf_loss": 1.0873819589614868, "losses/q_loss": 1.7221217155456543, "losses/target_q_loss": 1.1094601154327393, "losses/loss_r_true": 0.6473068594932556, "losses/actor_loss": -286.2109680175781, "losses/alpha": 0.016901616007089615, "rewards/eps_rewards": 1.1274259090423584, "rewards/batch_rewards": 1.1179578304290771, "rewards/true_r_var": 0.6876571178436279, "rewards/pre_re_ave": 0.21373045444488525, "charts/SPS": 38.0, "losses/alpha_loss": -0.019277364015579224}