{"global_step": 2999908, "_timestamp": 1748922348.2192082, "_runtime": 86146.94203734398, "_step": 33207, "charts/episodic_return": 2441.717041015625, "charts/episodic_length": 1000.0, "losses/qf1_values": 194.14906311035156, "losses/qf2_values": 193.87210083007812, "losses/qf1_loss": 20.25115394592285, "losses/qf2_loss": 10.892891883850098, "losses/qf_loss": 12.49736213684082, "losses/q_loss": 46.079925537109375, "losses/actor_loss": -690.364990234375, "losses/alpha": 0.03568226471543312, "rewards/eps_rewards": 1.9910531044006348, "rewards/batch_rewards": 1.9806733131408691, "rewards/true_r_var": 1.7969260215759277, "charts/SPS": 34.0, "losses/alpha_loss": 0.08391329646110535, "_wandb": {"runtime": 86149}}