{"global_step": 2999933, "_timestamp": 1750993809.7931678, "_runtime": 77872.70896291733, "_step": 33254, "charts/episodic_return": 5121.3994140625, "charts/episodic_length": 1000.0, "losses/qf1_values": 437.48565673828125, "losses/qf2_values": 437.4049072265625, "losses/qf1_loss": 17.181922912597656, "losses/qf2_loss": 22.960302352905273, "losses/qf_loss_reward": 0.0013008194509893656, "losses/qf_loss_reward_t": 0.5652028322219849, "losses/qf_loss": 5.017778396606445, "losses/q_loss": 31.402393341064453, "losses/target_q_loss": 10.759404182434082, "losses/loss_r_true": 7.83350133895874, "losses/actor_loss": -1786.829833984375, "losses/alpha": 0.06854889541864395, "rewards/eps_rewards": 4.272925853729248, "rewards/batch_rewards": 4.264617919921875, "rewards/true_r_var": 4.729439735412598, "charts/SPS": 38.0, "losses/alpha_loss": 0.03415098041296005, "_wandb": {"runtime": 77873}}