{"global_step": 0, "_timestamp": 1747057770.7686665, "_runtime": 4.448168516159058, "_step": 0, "_wandb": {"runtime": 4}}