{"global_step": 2999900, "_timestamp": 1749702888.954813, "_runtime": 78849.5032119751, "_step": 34048, "charts/episodic_return": 68.84800720214844, "charts/episodic_length": 1000.0, "losses/qf1_values": 77.28680419921875, "losses/qf2_values": 77.26956176757812, "losses/qf1_loss": 0.01739642396569252, "losses/qf2_loss": 0.0418301597237587, "losses/qf_loss_reward": 0.04904326796531677, "losses/qf_loss_reward_t": 0.027605857700109482, "losses/qf_loss": 0.007403322961181402, "losses/target_q_loss": 0.006870404351502657, "losses/actor_loss": -234.56097412109375, "losses/alpha": 0.012030347250401974, "rewards/eps_rewards": 0.7867187261581421, "rewards/batch_rewards": 0.7863270044326782, "rewards/true_r_var": 0.019242767244577408, "charts/SPS": 38.0, "losses/alpha_loss": 0.03213851898908615, "_wandb": {"runtime": 78851}}