{"global_step": 26400, "_timestamp": 1751675595.6265264, "_runtime": 1263.60302734375, "_step": 328, "charts/episodic_return": 18.26793098449707, "charts/episodic_length": 35.0, "losses/qf1_values": 10.533618927001953, "losses/qf2_values": 10.083379745483398, "losses/qf1_loss": 1.9436302185058594, "losses/qf2_loss": 1.7228378057479858, "losses/qf_loss_reward": 0.012211955152451992, "losses/qf_loss_reward_t": 0.013674994930624962, "losses/qf_loss": 0.45830851793289185, "losses/q_loss": 2.358102798461914, "losses/target_q_loss": 0.4676140248775482, "losses/loss_r_true": 0.19615641236305237, "losses/actor_loss": -21.456287384033203, "losses/alpha": 0.009652353823184967, "rewards/eps_rewards": -1.4309996366500854, "rewards/batch_rewards": -1.534720778465271, "rewards/true_r_var": 0.6128686666488647, "charts/SPS": 21.0, "losses/alpha_loss": 0.022270571440458298}