{"global_step": 79000, "_timestamp": 1748922567.498236, "_runtime": 2190.6707730293274, "_step": 872, "charts/episodic_return": 796.0369873046875, "charts/episodic_length": 1000.0, "losses/qf1_values": 50.226470947265625, "losses/qf2_values": 50.17177200317383, "losses/qf1_loss": 0.43158674240112305, "losses/qf2_loss": 0.20475538074970245, "losses/qf_loss": 0.5376617312431335, "losses/q_loss": 0.6973987817764282, "losses/actor_loss": -216.96728515625, "losses/alpha": 0.015248317271471024, "rewards/eps_rewards": 0.23352697491645813, "rewards/batch_rewards": 0.36293715238571167, "rewards/true_r_var": 0.6544031500816345, "charts/SPS": 36.0, "losses/alpha_loss": -0.054536063224077225}