{"global_step": 6053, "_timestamp": 1747135695.5445106, "_runtime": 61.573861598968506, "_step": 286, "charts/episodic_return": 13.423783302307129, "charts/episodic_length": 15.0, "losses/qf1_values": 0.11708661913871765, "losses/qf2_values": -0.15605810284614563, "losses/qf1_loss": 0.10141080617904663, "losses/qf2_loss": 0.47997504472732544, "losses/qf_loss": 0.6156893968582153, "losses/q_loss": 0.6796023845672607, "losses/actor_loss": -2.8166072368621826, "losses/alpha": 0.43331748247146606, "losses/re_loss": 0.008266441524028778, "losses/q_r_loss": 0.9018132090568542, "rewards/pre_re": -0.1837252974510193, "rewards/pre_rewards": 0.5950807332992554, "rewards/eps_rewards": 0.5136375427246094, "rewards/batch_rewards": 0.5366034507751465, "rewards/true_r_var": 0.13211064040660858, "charts/SPS": 121.0, "losses/alpha_loss": 8.757469177246094}