{"global_step": 334600, "_timestamp": 1747526936.0379062, "_runtime": 12272.251670122147, "_step": 3703, "charts/episodic_return": 785.931884765625, "charts/episodic_length": 1000.0, "losses/qf1_values": 71.01753234863281, "losses/qf2_values": 71.06370544433594, "losses/qf1_loss": 0.06085149198770523, "losses/qf2_loss": 0.09723132103681564, "losses/qf_loss": 0.13521221280097961, "losses/q_loss": 0.11142515391111374, "losses/actor_loss": -278.298828125, "losses/alpha": 0.008811715058982372, "rewards/eps_rewards": 0.6852946281433105, "rewards/batch_rewards": 0.6823774576187134, "rewards/true_r_var": 0.0028104116208851337, "charts/SPS": 27.0, "losses/alpha_loss": -0.02106175199151039}