{"global_step": 2999935, "_timestamp": 1749772595.4837863, "_runtime": 75471.34636235237, "_step": 33338, "charts/episodic_return": 887.4700927734375, "charts/episodic_length": 1000.0, "losses/qf1_values": 67.61260986328125, "losses/qf2_values": 67.65345764160156, "losses/qf1_loss": 4114.65478515625, "losses/qf2_loss": 3995.91455078125, "losses/qf_loss_reward": 1012.1365356445312, "losses/qf_loss_reward_t": 0.0007936665788292885, "losses/qf_loss": 1013.8211669921875, "losses/q_loss": 4012.873291015625, "losses/target_q_loss": 1034.40576171875, "losses/actor_loss": -268.470703125, "losses/alpha": 0.0260639525949955, "rewards/eps_rewards": 0.8902195692062378, "rewards/batch_rewards": 0.8937628269195557, "rewards/true_r_var": 0.005645202938467264, "charts/SPS": 39.0, "losses/alpha_loss": 0.03205416351556778, "_wandb": {"runtime": 75472}}