{"global_step": 16600, "_timestamp": 1744802797.7730892, "_runtime": 494.6413061618805, "_step": 207, "charts/episodic_return": -142.39979553222656, "charts/episodic_length": 265.0, "losses/qf1_values": 1.6064348220825195, "losses/qf2_values": 1.67982816696167, "losses/qf1_loss": 0.16968661546707153, "losses/qf2_loss": 0.1361106038093567, "losses/qf_loss": 0.17316120862960815, "losses/q_loss": 0.4613052010536194, "losses/actor_loss": -5.259010314941406, "losses/alpha": 0.005892349407076836, "losses/re_loss": 0.0003640093782451004, "losses/q_r_loss": 0.20071560144424438, "rewards/pre_re": -0.5974752306938171, "rewards/pre_rewards": -0.534311830997467, "rewards/eps_rewards": -0.5124359726905823, "rewards/batch_rewards": -0.5184135437011719, "rewards/true_r_var": 0.33711719512939453, "rewards/a_var1": 0.3569692373275757, "rewards/a_var2": 0.38449451327323914, "rewards/r_var1": 0.11371659487485886, "rewards/r_var2": 0.08574490994215012, "rewards/r_q_v_max": -0.04696071147918701, "rewards/r_q_v_min": -1.5952433347702026, "rewards/r_true_max": 0.4854963421821594, "rewards/r_true_min": -1.9372299909591675, "charts/SPS": 34.0, "losses/alpha_loss": 0.12284237146377563, "_wandb": {"runtime": 488}}