{"global_step": 2999900, "_timestamp": 1752030626.6609237, "_runtime": 29744.309312820435, "_step": 33314, "charts/episodic_return": 4724.9599609375, "charts/episodic_length": 1000.0, "losses/qf1_values": 264.4631042480469, "losses/qf2_values": 263.8346252441406, "losses/qf1_loss": 15.322097778320312, "losses/qf2_loss": 14.865476608276367, "losses/qf_loss_reward": 0.22124789655208588, "losses/qf_loss_reward_t": 2.7681221961975098, "losses/qf_loss": 15.09378719329834, "losses/r_loss": 22.551422119140625, "losses/target_q_loss": 37.25872802734375, "losses/actor_loss": -263.016845703125, "losses/alpha": 0.05939802899956703, "rewards/eps_rewards": 4.545638561248779, "rewards/batch_rewards": 4.4650115966796875, "rewards/true_r_var": 1.150848150253296, "rewards/pre_re_ave": 4.1279616355896, "charts/SPS": 100.0, "losses/alpha_loss": 0.019129207357764244, "_wandb": {"runtime": 29744}}