{"global_step": 30200, "_timestamp": 1744799880.5291321, "_runtime": 1027.9313521385193, "_step": 365, "charts/episodic_return": 704.8729858398438, "charts/episodic_length": 1000.0, "losses/qf1_values": 23.159046173095703, "losses/qf2_values": 23.26116180419922, "losses/qf1_loss": 0.05202283710241318, "losses/qf2_loss": 0.10985176265239716, "losses/qf_loss": 0.6515254974365234, "losses/q_loss": 0.6450695991516113, "losses/actor_loss": -45.35491180419922, "losses/alpha": 0.011860240250825882, "losses/re_loss": 0.001426012604497373, "losses/q_r_loss": 0.5612901449203491, "rewards/pre_re": 0.8581676483154297, "rewards/pre_rewards": 0.7646604776382446, "rewards/eps_rewards": 0.7336310744285583, "rewards/batch_rewards": 0.7414767742156982, "rewards/true_r_var": 0.004030432086437941, "rewards/a_var1": 0.022165564820170403, "rewards/a_var2": 0.01624634489417076, "rewards/r_var1": 0.01618731953203678, "rewards/r_var2": 0.016475727781653404, "rewards/r_q_v_max": 1.429220199584961, "rewards/r_q_v_min": 0.509002685546875, "rewards/r_true_max": 0.9410812258720398, "rewards/r_true_min": 0.6178296208381653, "charts/SPS": 29.0, "losses/alpha_loss": -0.038750454783439636, "_wandb": {"runtime": 1020}}