{"global_step": 6900, "_timestamp": 1747136402.7805433, "_runtime": 100.29113626480103, "_step": 327, "charts/episodic_return": 11.70864486694336, "charts/episodic_length": 13.0, "losses/qf1_values": 0.034850820899009705, "losses/qf2_values": -0.14484500885009766, "losses/qf1_loss": 0.6781766414642334, "losses/qf2_loss": 1.169539213180542, "losses/qf_loss": 0.23096448183059692, "losses/q_loss": 0.9045838117599487, "losses/actor_loss": -1.4066448211669922, "losses/alpha": 0.24701762199401855, "losses/re_loss": 8.377538324566558e-05, "losses/re_test_loss": 2.5331251890747808e-05, "losses/q_r_loss": 1.1450258493423462, "rewards/pre_re": -0.12833905220031738, "rewards/pre_rewards": 0.9615017175674438, "rewards/eps_rewards": 0.9568541049957275, "rewards/batch_rewards": 0.9596430063247681, "rewards/true_r_var": 0.010570399463176727, "charts/SPS": 73.0, "losses/alpha_loss": 4.990955352783203}