{"global_step": 296200, "_timestamp": 1747764372.3929126, "_runtime": 16431.03751373291, "_step": 3299, "charts/episodic_return": 717.173583984375, "charts/episodic_length": 1000.0, "losses/qf1_values": 78.38453674316406, "losses/qf2_values": 78.25897979736328, "losses/qf1_loss": 0.24760620296001434, "losses/qf2_loss": 0.1373528242111206, "losses/qf_loss": 1.2087804079055786, "losses/q_loss": 1.355207920074463, "losses/actor_loss": -287.5766296386719, "losses/alpha": 0.010353025048971176, "rewards/eps_rewards": 0.8910449147224426, "rewards/batch_rewards": 0.8997538685798645, "rewards/true_r_var": 0.013435323722660542, "charts/SPS": 18.0, "losses/alpha_loss": -0.021179698407649994}