{"global_step": 189200, "_timestamp": 1747065353.125081, "_runtime": 7519.10893702507, "_step": 3018, "charts/episodic_return": 2246.593017578125, "charts/episodic_length": 704.0, "losses/qf1_values": 199.86190795898438, "losses/qf2_values": 200.8112030029297, "losses/qf1_loss": 5.761949062347412, "losses/qf2_loss": 9.12971019744873, "losses/qf_loss": 9.461502075195312, "losses/q_loss": 6.260496139526367, "losses/actor_loss": -680.25341796875, "losses/alpha": 0.08228650689125061, "losses/re_loss": 0.002017996273934841, "losses/q_r_loss": 6.686916351318359, "rewards/pre_re": 1.0309559106826782, "rewards/pre_rewards": 2.2633492946624756, "rewards/eps_rewards": 2.306656837463379, "rewards/batch_rewards": 2.241218090057373, "rewards/true_r_var": 0.5419282913208008, "rewards/a_var1": 3.9163026809692383, "rewards/a_var2": 5.608534336090088, "rewards/r_var1": 2.964578628540039, "rewards/r_var2": 6.1183180809021, "rewards/r_q_v_max": 5.871589660644531, "rewards/r_q_v_min": -4.3564910888671875, "rewards/r_true_max": 3.4669435024261475, "rewards/r_true_min": 1.0059880018234253, "charts/SPS": 25.0, "losses/alpha_loss": 0.17798767983913422, "_wandb": {"runtime": 7616}}