{"global_step": 9500, "_timestamp": 1744801925.0516195, "_runtime": 176.11720252037048, "_step": 90, "charts/episodic_return": -2997.799072265625, "charts/episodic_length": 1000.0, "losses/qf1_values": 226457968.0, "losses/qf2_values": 231399120.0, "losses/qf1_loss": -3.034269840572416e+16, "losses/qf2_loss": -3.2254886565380096e+16, "losses/qf_loss": -1.8737593692717056e+16, "losses/q_loss": 3.863207977628467e+16, "losses/actor_loss": -1186188800.0, "losses/alpha": 5344.826171875, "losses/re_loss": 8.025024726521224e-05, "losses/q_r_loss": 3.75205164702761e+16, "rewards/pre_re": -98626256.0, "rewards/pre_rewards": -0.13629616796970367, "rewards/eps_rewards": -0.14092035591602325, "rewards/batch_rewards": -0.1407562792301178, "rewards/true_r_var": 0.4478159248828888, "rewards/a_var1": 5.980491563086643e+16, "rewards/a_var2": 6.442104340139213e+16, "rewards/r_var1": 5.980491563086643e+16, "rewards/r_var2": 6.442104340139213e+16, "rewards/r_q_v_max": 489092672.0, "rewards/r_q_v_min": -628104000.0, "rewards/r_true_max": 1.2237787246704102, "rewards/r_true_min": -1.4423295259475708, "charts/SPS": 61.0, "losses/alpha_loss": -966112.0}