{"global_step": 2872300, "_timestamp": 1741249982.6094372, "_runtime": 86367.39170718193, "_step": 32411, "charts/episodic_return": -1753.5546875, "charts/episodic_length": 1000.0, "losses/qf1_values": 149058519040.0, "losses/qf2_values": 1242043908096.0, "losses/qf1_loss": -5.934547691644682e+25, "losses/qf2_loss": -5.290523433328288e+25, "losses/qf_loss": -6.721453973195605e+25, "losses/q_loss": 3.450416993192306e+26, "losses/actor_loss": -952674222080.0, "losses/alpha": 13923713024.0, "losses/re_loss": 0.08312302827835083, "losses/q_r_loss": 3.5586772448120925e+26, "rewards/pre_re": 271778906112.0, "rewards/pre_rewards": -1.9121146202087402, "rewards/eps_rewards": -1.6314016580581665, "rewards/batch_rewards": -1.693753719329834, "rewards/true_r_var": 1.0210717916488647, "rewards/a_var1": 2.972127414772435e+26, "rewards/a_var2": 2.7438993164716006e+26, "rewards/r_var1": 2.972127414772435e+26, "rewards/r_var2": 2.7438993164716006e+26, "rewards/r_q_v_max": 24063483314176.0, "rewards/r_q_v_min": -26189037043712.0, "rewards/r_true_max": 0.22331494092941284, "rewards/r_true_min": -3.028001308441162, "charts/SPS": 33.0, "losses/alpha_loss": 30928320512.0}