{"global_step": 345377, "_timestamp": 1751002157.2778494, "_runtime": 8815.43136048317, "_step": 4924, "charts/episodic_return": -16.553726196289062, "charts/episodic_length": 21.0, "losses/qf1_values": 10.018559455871582, "losses/qf2_values": 10.33951187133789, "losses/qf1_loss": 1.635534405708313, "losses/qf2_loss": 1.7467750310897827, "losses/qf_loss_reward": 0.016820471733808517, "losses/qf_loss_reward_t": 0.03313051536679268, "losses/qf_loss": 0.42278867959976196, "losses/q_loss": 1.8106249570846558, "losses/target_q_loss": 0.4313730001449585, "losses/loss_r_true": 0.4444471001625061, "losses/actor_loss": 3.9792919158935547, "losses/alpha": 0.006824156269431114, "rewards/eps_rewards": 0.703578770160675, "rewards/batch_rewards": 0.53952556848526, "rewards/true_r_var": 1.0864994525909424, "charts/SPS": 39.0, "losses/alpha_loss": 0.013482509180903435}