{"global_step": 2999900, "_timestamp": 1738660474.6795537, "_runtime": 78446.93634366989, "_step": 34188, "charts/episodic_return": 3403.2666015625, "charts/episodic_length": 1000.0, "losses/qf1_values": 295.16943359375, "losses/qf2_values": 292.82855224609375, "losses/qf1_loss": 92.54934692382812, "losses/qf2_loss": 85.90971374511719, "losses/qf_loss": 89.22953033447266, "losses/actor_loss": -299.3169250488281, "losses/alpha": 0.026815034449100494, "losses/re_loss": 0.0005610290099866688, "rewards/q_r_loss": 90.19729614257812, "rewards/pre_re": -1.4178950786590576, "rewards/pre_rewards": 1.4100111722946167, "rewards/eps_rewards": 1.3882358074188232, "rewards/batch_rewards": 1.3700120449066162, "rewards/true_r_var": 0.06577924638986588, "rewards/a_var1": 93.0549087524414, "rewards/a_var2": 83.85826110839844, "rewards/r_var1": 92.12316131591797, "rewards/r_var2": 83.06017303466797, "rewards/r_q_v_max": 11.649322509765625, "rewards/r_q_v_min": -46.16230773925781, "rewards/r_true_max": 1.8664124011993408, "rewards/r_true_min": 0.8757184147834778, "charts/SPS": 38.0, "losses/alpha_loss": -0.1278388500213623, "_wandb": {"runtime": 78447}}