{"global_step": 1501700, "_timestamp": 1751088573.4143775, "_runtime": 86375.5354423523, "_step": 16557, "charts/episodic_return": 912.4041748046875, "charts/episodic_length": 1000.0, "losses/qf1_values": 60.95970153808594, "losses/qf2_values": 61.18407440185547, "losses/qf1_loss": 0.03281016647815704, "losses/qf2_loss": 0.0496918261051178, "losses/qf_loss_reward": 0.0002475300570949912, "losses/qf_loss_reward_t": 0.0033191279508173466, "losses/qf_loss": 0.010312749072909355, "losses/q_loss": 0.04786580055952072, "losses/target_q_loss": 0.010522151365876198, "losses/loss_r_true": 0.013988316059112549, "losses/actor_loss": -243.905029296875, "losses/alpha": 0.02736198715865612, "rewards/eps_rewards": 0.7505032420158386, "rewards/batch_rewards": 0.7537941932678223, "rewards/true_r_var": 0.004492613486945629, "charts/SPS": 17.0, "losses/alpha_loss": 0.05856865271925926}