{"global_step": 4994, "_timestamp": 1751941263.7503064, "_runtime": 7.470896482467651, "_step": 41, "charts/episodic_return": -23.725086212158203, "charts/episodic_length": 68.0, "_wandb": {"runtime": 7}}