{"global_step": 333127, "_timestamp": 1751780251.7438135, "_runtime": 8475.890036582947, "_step": 3772, "charts/episodic_return": 763.8057250976562, "charts/episodic_length": 1000.0, "losses/qf1_values": 29.595928192138672, "losses/qf2_values": 29.877296447753906, "losses/qf1_loss": 3.605076789855957, "losses/qf2_loss": 4.633925437927246, "losses/qf_loss_reward": 0.0615621842443943, "losses/qf_loss_reward_t": 0.06796328723430634, "losses/qf_loss": 1.0298752784729004, "losses/q_loss": 0.8790631294250488, "losses/target_q_loss": 1.050786018371582, "losses/loss_r_true": 0.6099849343299866, "losses/actor_loss": -86.34768676757812, "losses/alpha": 0.010983359068632126, "rewards/eps_rewards": 0.5358394384384155, "rewards/batch_rewards": 0.5447627305984497, "rewards/true_r_var": 0.7563294172286987, "rewards/pre_re_ave": 0.045625776052474976, "charts/SPS": 39.0, "losses/alpha_loss": 0.058113761246204376}