{"global_step": 19978, "_timestamp": 1739367239.910189, "_runtime": 354.67324686050415, "_step": 574, "charts/episodic_return": 207.3153533935547, "charts/episodic_length": 107.0, "losses/qf1_values": 125.43731689453125, "losses/qf2_values": 125.64884185791016, "losses/qf1_loss": 79.93930053710938, "losses/qf2_loss": 76.53275299072266, "losses/qf_loss": 78.23602294921875, "losses/actor_loss": -131.45877075195312, "losses/alpha": 0.1505078673362732, "losses/re_loss": 0.0010176966898143291, "rewards/q_r_loss": 80.68196105957031, "rewards/pre_re": -0.246994286775589, "rewards/pre_rewards": 1.6941438913345337, "rewards/eps_rewards": 1.6620118618011475, "rewards/batch_rewards": 1.6891863346099854, "rewards/true_r_var": 0.16731750965118408, "rewards/a_var1": 77.56716918945312, "rewards/a_var2": 74.6839370727539, "rewards/r_var1": 77.0297622680664, "rewards/r_var2": 74.506591796875, "rewards/r_q_v_max": 68.45591735839844, "rewards/r_q_v_min": -16.232093811035156, "rewards/r_true_max": 2.146827459335327, "rewards/r_true_min": 0.9896955490112305, "charts/SPS": 57.0, "losses/alpha_loss": -0.18559712171554565}