{"global_step": 2999900, "_timestamp": 1751970900.943204, "_runtime": 28778.656814813614, "_step": 33364, "charts/episodic_return": 2589.0654296875, "charts/episodic_length": 699.0, "losses/qf1_values": 174.36538696289062, "losses/qf2_values": 174.68617248535156, "losses/qf1_loss": 13.871079444885254, "losses/qf2_loss": 13.670639038085938, "losses/qf_loss_reward": 0.26488399505615234, "losses/qf_loss_reward_t": 0.6409035921096802, "losses/qf_loss": 13.770858764648438, "losses/r_loss": 6.326417446136475, "losses/target_q_loss": 19.49732208251953, "losses/actor_loss": -174.35052490234375, "losses/alpha": 0.045803774148225784, "rewards/eps_rewards": 2.5303714275360107, "rewards/batch_rewards": 2.3891990184783936, "rewards/true_r_var": 0.8499289751052856, "rewards/pre_re_ave": 2.8508267402648926, "charts/SPS": 104.0, "losses/alpha_loss": 0.03562108427286148, "_wandb": {"runtime": 28779}}