{"global_step": 2999900, "_timestamp": 1751976679.8002255, "_runtime": 30241.634273529053, "_step": 33833, "charts/episodic_return": 2183.10009765625, "charts/episodic_length": 1000.0, "losses/qf1_values": 82.40828704833984, "losses/qf2_values": 81.43402099609375, "losses/qf1_loss": 10.68334674835205, "losses/qf2_loss": 8.687000274658203, "losses/qf_loss_reward": 0.13974210619926453, "losses/qf_loss_reward_t": 0.34656721353530884, "losses/qf_loss": 9.685173034667969, "losses/r_loss": 3.371581554412842, "losses/target_q_loss": 186.9605712890625, "losses/actor_loss": -85.51190185546875, "losses/alpha": 0.029858633875846863, "rewards/eps_rewards": 0.02475161850452423, "rewards/batch_rewards": 0.09203264117240906, "rewards/true_r_var": 0.42099156975746155, "rewards/pre_re_ave": -0.18132635951042175, "charts/SPS": 99.0, "losses/alpha_loss": -0.036858443170785904, "_wandb": {"runtime": 30242}}