{"global_step": 6700, "_timestamp": 1744802120.3262284, "_runtime": 69.82541847229004, "_step": 59, "charts/episodic_return": -2619.081787109375, "charts/episodic_length": 1000.0, "losses/qf1_values": 26158248.0, "losses/qf2_values": 27151876.0, "losses/qf1_loss": -31842417770496.0, "losses/qf2_loss": -40265452617728.0, "losses/qf_loss": -267156965031936.0, "losses/q_loss": 550666078519296.0, "losses/actor_loss": -129405632.0, "losses/alpha": 15.07647705078125, "losses/re_loss": 0.002145318081602454, "losses/q_r_loss": 516036663181312.0, "rewards/pre_re": 7980275.0, "rewards/pre_rewards": -3.0266590118408203, "rewards/eps_rewards": -2.9999325275421143, "rewards/batch_rewards": -2.999936580657959, "rewards/true_r_var": 1.41327449743045e-09, "rewards/a_var1": 10187.5556640625, "rewards/a_var2": 10469.587890625, "rewards/r_var1": 10187.5556640625, "rewards/r_var2": 10468.953125, "rewards/r_q_v_max": 7980824.0, "rewards/r_q_v_min": 7979838.0, "rewards/r_true_max": -2.9997451305389404, "rewards/r_true_min": -2.9999842643737793, "charts/SPS": 118.0, "losses/alpha_loss": -4351.07421875}