{"global_step": 2999971, "_timestamp": 1750993212.434442, "_runtime": 77335.9068570137, "_step": 34345, "charts/episodic_return": 1523.542236328125, "charts/episodic_length": 590.0, "losses/qf1_values": 161.79153442382812, "losses/qf2_values": 161.76023864746094, "losses/qf1_loss": 20.11455535888672, "losses/qf2_loss": 15.42828369140625, "losses/qf_loss_reward": 0.018054503947496414, "losses/qf_loss_reward_t": 0.2725609838962555, "losses/qf_loss": 4.442854881286621, "losses/q_loss": 7.979779243469238, "losses/target_q_loss": 4.5330610275268555, "losses/loss_r_true": 2.098003387451172, "losses/actor_loss": -550.9973754882812, "losses/alpha": 0.038331665098667145, "rewards/eps_rewards": 2.060932159423828, "rewards/batch_rewards": 2.0974223613739014, "rewards/true_r_var": 0.6153553128242493, "charts/SPS": 38.0, "losses/alpha_loss": 0.16367152333259583, "_wandb": {"runtime": 77336}}