{"global_step": 2999994, "_timestamp": 1749772803.7686152, "_runtime": 74803.09198522568, "_step": 109373, "charts/episodic_return": -1611.7723388671875, "charts/episodic_length": 1000.0, "losses/qf1_values": -122.74078369140625, "losses/qf2_values": -113.0206298828125, "losses/qf1_loss": 22040.41015625, "losses/qf2_loss": 22584.5859375, "losses/qf_loss_reward": 1996.99462890625, "losses/qf_loss_reward_t": 6.458263397216797, "losses/qf_loss": 5578.12451171875, "losses/q_loss": 44063.48828125, "losses/target_q_loss": 6679.66796875, "losses/actor_loss": 665.94677734375, "losses/alpha": 1.1784942150115967, "rewards/eps_rewards": -27.242860794067383, "rewards/batch_rewards": -0.7290790677070618, "rewards/true_r_var": 1.2716306447982788, "charts/SPS": 40.0, "losses/alpha_loss": 12.856053352355957, "_wandb": {"runtime": 74802}}