{"global_step": 7100, "_timestamp": 1744802261.3418453, "_runtime": 90.2035322189331, "_step": 64, "charts/episodic_return": -2999.151611328125, "charts/episodic_length": 1000.0, "losses/qf1_values": 35095704.0, "losses/qf2_values": 34166804.0, "losses/qf1_loss": -583065566969856.0, "losses/qf2_loss": -486419139133440.0, "losses/qf_loss": -341343834472448.0, "losses/q_loss": 702721208352768.0, "losses/actor_loss": -186622416.0, "losses/alpha": 33.32729721069336, "losses/re_loss": 0.003523591673001647, "losses/q_r_loss": 693964709560320.0, "rewards/pre_re": -5524025.0, "rewards/pre_rewards": -0.5029608011245728, "rewards/eps_rewards": -0.43904390931129456, "rewards/batch_rewards": -0.46049636602401733, "rewards/true_r_var": 0.9482966065406799, "rewards/a_var1": 1222780947267584.0, "rewards/a_var2": 1017483926437888.0, "rewards/r_var1": 1222780947267584.0, "rewards/r_var2": 1017483926437888.0, "rewards/r_q_v_max": 76454544.0, "rewards/r_q_v_min": -107372712.0, "rewards/r_true_max": 1.4752023220062256, "rewards/r_true_min": -2.769683599472046, "charts/SPS": 92.0, "losses/alpha_loss": -9421.3115234375}