{"global_step": 369700, "_timestamp": 1751762063.872905, "_runtime": 9332.069521903992, "_step": 4218, "charts/episodic_return": 1788.384033203125, "charts/episodic_length": 1000.0, "losses/qf1_values": 81.38581848144531, "losses/qf2_values": 81.93001556396484, "losses/qf1_loss": 18.7843017578125, "losses/qf2_loss": 21.183958053588867, "losses/qf_loss_reward": 0.007815316319465637, "losses/qf_loss_reward_t": 0.1536949723958969, "losses/qf_loss": 4.99603271484375, "losses/q_loss": 37.16242218017578, "losses/target_q_loss": 18.65315818786621, "losses/loss_r_true": 5.280035018920898, "losses/actor_loss": -345.19207763671875, "losses/alpha": 0.016952652484178543, "rewards/eps_rewards": -0.09404987096786499, "rewards/batch_rewards": -0.16627246141433716, "rewards/true_r_var": 0.9078719615936279, "rewards/pre_re_ave": 0.0682077705860138, "charts/SPS": 39.0, "losses/alpha_loss": -0.01842886209487915}