{"global_step": 27943, "_timestamp": 1747491857.0765781, "_runtime": 800.6539771556854, "_step": 1166, "charts/episodic_return": 40.20512390136719, "charts/episodic_length": 23.0, "losses/qf1_values": 55.401451110839844, "losses/qf2_values": 55.377593994140625, "losses/qf1_loss": 3.8653931617736816, "losses/qf2_loss": 3.7609071731567383, "losses/qf_loss": 10.595438003540039, "losses/q_loss": 92.8641357421875, "losses/actor_loss": -219.54312133789062, "losses/alpha": 0.022191856056451797, "rewards/eps_rewards": 1.5753763914108276, "rewards/batch_rewards": 1.5602484941482544, "rewards/true_r_var": 0.20432241261005402, "charts/SPS": 35.0, "losses/alpha_loss": -0.013521462678909302}