{"global_step": 2943100, "_timestamp": 1748963236.1115272, "_runtime": 86314.6362092495, "_step": 32573, "charts/episodic_return": 2430.951416015625, "charts/episodic_length": 1000.0, "losses/qf1_values": 191.28457641601562, "losses/qf2_values": 192.89700317382812, "losses/qf1_loss": 11.521721839904785, "losses/qf2_loss": 24.952186584472656, "losses/qf_loss": 13.076957702636719, "losses/q_loss": 53.52958297729492, "losses/actor_loss": -705.3656005859375, "losses/alpha": 0.03423174470663071, "rewards/eps_rewards": 1.9700473546981812, "rewards/batch_rewards": 2.0986247062683105, "rewards/true_r_var": 2.1700260639190674, "charts/SPS": 34.0, "losses/alpha_loss": 0.14175821840763092}