{"global_step": 2999900, "_timestamp": 1751753169.610226, "_runtime": 77482.25703191757, "_step": 33100, "charts/episodic_return": 766.9043579101562, "charts/episodic_length": 1000.0, "losses/qf1_values": 75.57056427001953, "losses/qf2_values": 75.55049133300781, "losses/qf1_loss": 0.024378299713134766, "losses/qf2_loss": 0.023180097341537476, "losses/qf_loss_reward": 0.0007838489837013185, "losses/qf_loss_reward_t": 0.0004640641272999346, "losses/qf_loss": 0.00594479963183403, "losses/q_loss": 0.013085393235087395, "losses/target_q_loss": 0.006065542809665203, "losses/loss_r_true": 0.0035455534234642982, "losses/actor_loss": -304.7777099609375, "losses/alpha": 0.011252285912632942, "rewards/eps_rewards": 0.7866638898849487, "rewards/batch_rewards": 0.7945071458816528, "rewards/true_r_var": 0.00346554908901453, "rewards/pre_re_ave": 0.8426046371459961, "charts/SPS": 38.0, "losses/alpha_loss": -0.010125435888767242, "_wandb": {"runtime": 77484}}