{"global_step": 0, "_timestamp": 1739365986.17716, "_runtime": 7.347829103469849, "_step": 0, "_wandb": {"runtime": 7}}