{"global_step": 2591900, "_timestamp": 1752032825.3171687, "_runtime": 25766.44273662567, "_step": 29416, "charts/episodic_return": 2511.474609375, "charts/episodic_length": 1000.0, "losses/qf1_values": 76.37860107421875, "losses/qf2_values": 76.72225952148438, "losses/qf1_loss": 11.171950340270996, "losses/qf2_loss": 8.690128326416016, "losses/qf_loss_reward": 1.91935133934021, "losses/qf_loss_reward_t": 7.223760604858398, "losses/qf_loss": 9.931039810180664, "losses/r_loss": 218.04232788085938, "losses/target_q_loss": 9.998106002807617, "losses/actor_loss": -82.88036346435547, "losses/alpha": 0.029774067923426628, "rewards/eps_rewards": -0.3411923944950104, "rewards/batch_rewards": -0.4849991500377655, "rewards/true_r_var": 0.6666077971458435, "rewards/pre_re_ave": -1.6850409507751465, "charts/SPS": 100.0, "losses/alpha_loss": -0.12104430794715881}