{"global_step": 2999900, "_timestamp": 1738634501.6938722, "_runtime": 66799.42005109787, "_step": 34278, "charts/episodic_return": 3179.349609375, "charts/episodic_length": 1000.0, "losses/qf1_values": 197.67710876464844, "losses/qf2_values": 196.66754150390625, "losses/qf1_loss": 5.950131416320801, "losses/qf2_loss": 5.295663833618164, "losses/qf_loss": 5.622897624969482, "losses/actor_loss": -196.81222534179688, "losses/alpha": 0.024675950407981873, "losses/re_loss": 0.001298199174925685, "rewards/q_r_loss": 2.424232006072998, "rewards/pre_re": 1.884366512298584, "rewards/pre_rewards": 3.2027721405029297, "rewards/eps_rewards": 3.2379214763641357, "rewards/batch_rewards": 3.2278711795806885, "rewards/true_r_var": 0.35971495509147644, "rewards/a_var1": 1.1602920293807983, "rewards/a_var2": 1.2353334426879883, "rewards/r_var1": 0.594898521900177, "rewards/r_var2": 0.6955441236495972, "rewards/r_q_v_max": 4.4275360107421875, "rewards/r_q_v_min": -1.0053253173828125, "rewards/r_true_max": 4.568378448486328, "rewards/r_true_min": 1.0786203145980835, "charts/SPS": 44.0, "losses/alpha_loss": 0.022853340953588486, "_wandb": {"runtime": 66794}}