{"global_step": 77400, "_timestamp": 1747146259.2934747, "_runtime": 4830.6234385967255, "_step": 1511, "charts/episodic_return": 418.8978271484375, "charts/episodic_length": 237.0, "losses/qf1_values": 218.69021606445312, "losses/qf2_values": 219.93348693847656, "losses/qf1_loss": 0.8614903688430786, "losses/qf2_loss": 1.6282559633255005, "losses/qf_loss": 2.3681421279907227, "losses/q_loss": 66.1484375, "losses/actor_loss": -950.5194091796875, "losses/alpha": 0.3498610854148865, "rewards/eps_rewards": 1.85353684425354, "rewards/batch_rewards": 1.824384331703186, "rewards/true_r_var": 0.14163260161876678, "charts/SPS": 16.0, "losses/alpha_loss": 0.32721981406211853}