{"global_step": 2999900, "_timestamp": 1749732049.726106, "_runtime": 73528.40878295898, "_step": 54901, "charts/episodic_return": -10.935118675231934, "charts/episodic_length": 9.0, "losses/qf1_values": -112.07709503173828, "losses/qf2_values": -113.52812957763672, "losses/qf1_loss": 96.23745727539062, "losses/qf2_loss": 69.40809631347656, "losses/qf_loss_reward": 0.8569689393043518, "losses/qf_loss_reward_t": 0.3270975947380066, "losses/qf_loss": 20.7056941986084, "losses/q_loss": 308.22149658203125, "losses/target_q_loss": 28.957319259643555, "losses/actor_loss": 392.482177734375, "losses/alpha": 0.3532245457172394, "rewards/eps_rewards": -1.0025008916854858, "rewards/batch_rewards": -1.041954755783081, "rewards/true_r_var": 0.16554585099220276, "charts/SPS": 40.0, "losses/alpha_loss": 7.574939727783203, "_wandb": {"runtime": 73530}}