{"global_step": 4987, "_timestamp": 1747137035.3978739, "_runtime": 6.561463832855225, "_step": 230, "charts/episodic_return": 14.252808570861816, "charts/episodic_length": 19.0, "_wandb": {"runtime": 5}}