{"global_step": 4994, "_timestamp": 1751941596.1962209, "_runtime": 6.917858839035034, "_step": 41, "charts/episodic_return": -23.725086212158203, "charts/episodic_length": 68.0, "_wandb": {"runtime": 6}}