{"global_step": 4994, "_timestamp": 1749613376.7838633, "_runtime": 28.707261323928833, "_step": 41, "charts/episodic_return": -23.725086212158203, "charts/episodic_length": 68.0, "_wandb": {"runtime": 29}}