{"global_step": 10900, "_timestamp": 1747492246.0099573, "_runtime": 203.08404231071472, "_step": 374, "charts/episodic_return": 218.4285125732422, "charts/episodic_length": 95.0, "losses/qf1_values": 43.620548248291016, "losses/qf2_values": 43.63034439086914, "losses/qf1_loss": 3.680859088897705, "losses/qf2_loss": 4.421261787414551, "losses/qf_loss": 10.727182388305664, "losses/q_loss": 4.305009365081787, "losses/actor_loss": -231.14120483398438, "losses/alpha": 0.1089714840054512, "rewards/eps_rewards": 0.7623701691627502, "rewards/batch_rewards": 0.7812701463699341, "rewards/true_r_var": 0.036104291677474976, "charts/SPS": 55.0, "losses/alpha_loss": 0.18739548325538635}