{"global_step": 67700, "_timestamp": 1747146262.492483, "_runtime": 4282.644969940186, "_step": 1411, "charts/episodic_return": 390.92041015625, "charts/episodic_length": 269.0, "losses/qf1_values": 17.220487594604492, "losses/qf2_values": 16.756439208984375, "losses/qf1_loss": 2.3827834129333496, "losses/qf2_loss": 2.1902198791503906, "losses/qf_loss": 2.1708574295043945, "losses/q_loss": 8.520073890686035, "losses/actor_loss": -452.4466857910156, "losses/alpha": 0.39077019691467285, "rewards/eps_rewards": 2.2555861473083496, "rewards/batch_rewards": 2.2580487728118896, "rewards/true_r_var": 0.0014484404819086194, "charts/SPS": 15.0, "losses/alpha_loss": -0.8257231712341309}