{"global_step": 2999900, "_timestamp": 1749773666.3832633, "_runtime": 76366.51294827461, "_step": 33163, "charts/episodic_return": 809.9056396484375, "charts/episodic_length": 1000.0, "losses/qf1_values": 78.30084991455078, "losses/qf2_values": 78.25364685058594, "losses/qf1_loss": 0.03390347585082054, "losses/qf2_loss": 0.02673145942389965, "losses/qf_loss_reward": 0.00181928975507617, "losses/qf_loss_reward_t": 0.0011388539569452405, "losses/qf_loss": 0.00757936667650938, "losses/q_loss": 1.0044152736663818, "losses/target_q_loss": 0.007733269594609737, "losses/actor_loss": -317.1644592285156, "losses/alpha": 0.0119540486484766, "rewards/eps_rewards": 0.8373750448226929, "rewards/batch_rewards": 0.8218380212783813, "rewards/true_r_var": 0.016637181863188744, "charts/SPS": 39.0, "losses/alpha_loss": 0.03699033334851265, "_wandb": {"runtime": 76368}}