{"global_step": 2999900, "_timestamp": 1752235669.6319773, "_runtime": 30353.23094534874, "_step": 33744, "charts/episodic_return": -913.529052734375, "charts/episodic_length": 1000.0, "losses/qf1_values": 139959.0625, "losses/qf2_values": 139833.5, "losses/qf1_loss": 10805037.0, "losses/qf2_loss": 10398857.0, "losses/qf_loss_reward": 199637.109375, "losses/qf_loss_reward_t": 1071106.0, "losses/qf_loss": 10601947.0, "losses/r_loss": 2787187.5, "losses/target_q_loss": 10817208.0, "losses/actor_loss": -141744.734375, "losses/alpha": 47.354820251464844, "rewards/eps_rewards": 2.902994155883789, "rewards/batch_rewards": 2.9998865127563477, "rewards/true_r_var": 1.3526465892791748, "rewards/pre_re_ave": -442.8272705078125, "charts/SPS": 98.0, "losses/alpha_loss": 16.264362335205078, "_wandb": {"runtime": 30353}}