{"global_step": 2994044, "_timestamp": 1748923021.5982952, "_runtime": 86390.05261015892, "_step": 32961, "charts/episodic_return": 602.3156127929688, "charts/episodic_length": 1000.0, "losses/qf1_values": 83.64938354492188, "losses/qf2_values": 83.68995666503906, "losses/qf1_loss": 0.02906320057809353, "losses/qf2_loss": 0.03287460282444954, "losses/qf_loss": 0.04881216585636139, "losses/q_loss": 0.0324886254966259, "losses/actor_loss": -361.5329895019531, "losses/alpha": 0.012569194659590721, "rewards/eps_rewards": 0.9556596279144287, "rewards/batch_rewards": 0.956275999546051, "rewards/true_r_var": 0.0077106161043047905, "charts/SPS": 34.0, "losses/alpha_loss": 0.020088430494070053}