{"global_step": 135600, "_timestamp": 1739367237.8943021, "_runtime": 1801.933562040329, "_step": 1525, "charts/episodic_return": -12.829331398010254, "charts/episodic_length": 66.0, "losses/qf1_values": 28.660629272460938, "losses/qf2_values": 29.4576416015625, "losses/qf1_loss": 2.1889030933380127, "losses/qf2_loss": 2.4449288845062256, "losses/qf_loss": 2.316915988922119, "losses/actor_loss": -29.453767776489258, "losses/alpha": 0.015297839418053627, "losses/re_loss": 6.598668846891087e-07, "rewards/q_r_loss": 2.3831353187561035, "rewards/pre_re": -0.7443057298660278, "rewards/pre_rewards": -0.3754952549934387, "rewards/eps_rewards": -0.3743152916431427, "rewards/batch_rewards": -0.3389846682548523, "rewards/true_r_var": 0.6979203820228577, "rewards/a_var1": 3.163557767868042, "rewards/a_var2": 2.788938283920288, "rewards/r_var1": 2.166489601135254, "rewards/r_var2": 2.025930404663086, "rewards/r_q_v_max": 2.870990753173828, "rewards/r_q_v_min": -7.697368621826172, "rewards/r_true_max": 2.1849231719970703, "rewards/r_true_min": -3.30602765083313, "charts/SPS": 75.0, "losses/alpha_loss": -0.016960041597485542}