{"global_step": 25939, "_timestamp": 1751675612.0190735, "_runtime": 1232.0990045070648, "_step": 302, "charts/episodic_return": -682.2943725585938, "charts/episodic_length": 1000.0, "losses/qf1_values": 13.725242614746094, "losses/qf2_values": 13.78718090057373, "losses/qf1_loss": 5.317780017852783, "losses/qf2_loss": 6.024396896362305, "losses/qf_loss_reward": 0.002789385849609971, "losses/qf_loss_reward_t": 0.0035201285500079393, "losses/qf_loss": 1.4177720546722412, "losses/q_loss": 3.1095786094665527, "losses/target_q_loss": 1.4465585947036743, "losses/loss_r_true": 0.3962927460670471, "losses/actor_loss": -27.25426483154297, "losses/alpha": 0.009866807609796524, "rewards/eps_rewards": -0.43904390931129456, "rewards/batch_rewards": -0.4125126600265503, "rewards/true_r_var": 0.9612065553665161, "charts/SPS": 21.0, "losses/alpha_loss": -0.034236714243888855}