{"global_step": 277000, "_timestamp": 1741148902.522101, "_runtime": 8424.037240982056, "_step": 3081, "charts/episodic_return": 379.74835205078125, "charts/episodic_length": 1000.0, "losses/qf1_values": 62.70882034301758, "losses/qf2_values": 62.69642639160156, "losses/qf1_loss": 0.005560232326388359, "losses/qf2_loss": 0.006886941380798817, "losses/qf_loss": 0.04074905067682266, "losses/q_loss": 0.11449315398931503, "losses/actor_loss": -241.65057373046875, "losses/alpha": 0.008466913364827633, "losses/re_loss": 7.408096280414611e-05, "losses/q_r_loss": 0.05257523059844971, "rewards/pre_re": 0.6134254336357117, "rewards/pre_rewards": 0.6760363578796387, "rewards/eps_rewards": 0.6680992245674133, "rewards/batch_rewards": 0.6734652519226074, "rewards/true_r_var": 0.007919736206531525, "rewards/a_var1": 0.00685046287253499, "rewards/a_var2": 0.007647481746971607, "rewards/r_var1": 0.0048299082554876804, "rewards/r_var2": 0.005333178211003542, "rewards/r_q_v_max": 0.7462844848632812, "rewards/r_q_v_min": 0.385406494140625, "rewards/r_true_max": 0.8436443209648132, "rewards/r_true_min": 0.3995714485645294, "charts/SPS": 32.0, "losses/alpha_loss": -0.02802221104502678}