{"global_step": 4432, "_timestamp": 1751942020.2639506, "_runtime": 6.743447542190552, "_step": 34, "charts/episodic_return": -43.712188720703125, "charts/episodic_length": 61.0, "_wandb": {"runtime": 6}}