{"global_step": 2999986, "_timestamp": 1751773316.5063956, "_runtime": 79274.17777657509, "_step": 53017, "charts/episodic_return": 2.52647066116333, "charts/episodic_length": 8.0, "losses/qf1_values": 44.20037078857422, "losses/qf2_values": 55.26018142700195, "losses/qf1_loss": 231.36947631835938, "losses/qf2_loss": 301.74176025390625, "losses/qf_loss_reward": 89.55097198486328, "losses/qf_loss_reward_t": 136.91140747070312, "losses/qf_loss": 66.63890075683594, "losses/q_loss": 169.66812133789062, "losses/target_q_loss": 129.64935302734375, "losses/loss_r_true": 165.2850341796875, "losses/actor_loss": -34.44154357910156, "losses/alpha": 0.16399113833904266, "rewards/eps_rewards": -16.800048828125, "rewards/batch_rewards": -1.199851155281067, "rewards/true_r_var": 1.6311091184616089, "rewards/pre_re_ave": 1.5608872175216675, "charts/SPS": 37.0, "losses/alpha_loss": 1.533039927482605, "_wandb": {"runtime": 79274}}