{"global_step": 26051, "_timestamp": 1751675615.5974467, "_runtime": 1235.4499537944794, "_step": 304, "charts/episodic_return": -33.899539947509766, "charts/episodic_length": 112.0, "losses/qf1_values": -8.359685897827148, "losses/qf2_values": -8.035564422607422, "losses/qf1_loss": 0.7765473127365112, "losses/qf2_loss": 0.7018747329711914, "losses/qf_loss_reward": 0.0011095477966591716, "losses/qf_loss_reward_t": 0.019248176366090775, "losses/qf_loss": 0.18480275571346283, "losses/q_loss": 4.146579742431641, "losses/target_q_loss": 0.18855500221252441, "losses/loss_r_true": 0.12247297167778015, "losses/actor_loss": 3.497692108154297, "losses/alpha": 0.009865345433354378, "rewards/eps_rewards": -0.6132652759552002, "rewards/batch_rewards": -0.541610062122345, "rewards/true_r_var": 0.23365184664726257, "charts/SPS": 21.0, "losses/alpha_loss": 0.05258680880069733}