{"global_step": 8226, "_timestamp": 1747065352.684014, "_runtime": 284.48371410369873, "_step": 405, "charts/episodic_return": 11.125852584838867, "charts/episodic_length": 14.0, "losses/qf1_values": 0.04098492115736008, "losses/qf2_values": -0.1985340416431427, "losses/qf1_loss": 0.3687768876552582, "losses/qf2_loss": 1.0988575220108032, "losses/qf_loss": 0.7656793594360352, "losses/q_loss": 0.7217844724655151, "losses/actor_loss": -0.8219646215438843, "losses/alpha": 0.12535619735717773, "losses/re_loss": 0.0007692398503422737, "losses/q_r_loss": 1.0461363792419434, "rewards/pre_re": -0.24187466502189636, "rewards/pre_rewards": 0.820449709892273, "rewards/eps_rewards": 0.7899287939071655, "rewards/batch_rewards": 0.7880915403366089, "rewards/true_r_var": 0.01107727363705635, "charts/SPS": 42.0, "losses/alpha_loss": 2.5332999229431152}