{"global_step": 2999900, "_timestamp": 1751491530.1608999, "_runtime": 78116.48531889915, "_step": 33352, "charts/episodic_return": 48.82661437988281, "charts/episodic_length": 1000.0, "losses/qf1_values": 244.55787658691406, "losses/qf2_values": 238.16200256347656, "losses/qf1_loss": 276.02691650390625, "losses/qf2_loss": 277.61016845703125, "losses/qf_loss_reward": 0.3749082088470459, "losses/qf_loss_reward_t": 6.527020454406738, "losses/qf_loss": 69.20463562011719, "losses/q_loss": 14.025369644165039, "losses/target_q_loss": 70.60977172851562, "losses/loss_r_true": 12.470451354980469, "losses/actor_loss": -1158.1531982421875, "losses/alpha": 0.08657495677471161, "rewards/eps_rewards": 0.568621814250946, "rewards/batch_rewards": 0.5398409962654114, "rewards/true_r_var": 0.27869510650634766, "charts/SPS": 38.0, "losses/alpha_loss": 0.6064760684967041, "_wandb": {"runtime": 78118}}