{"global_step": 2030800, "_timestamp": 1739564092.6209898, "_runtime": 47629.82813978195, "_step": 22530, "charts/episodic_return": 1509.6151123046875, "charts/episodic_length": 1000.0, "losses/qf1_values": 67.19922637939453, "losses/qf2_values": 68.72183990478516, "losses/qf1_loss": 0.7458332777023315, "losses/qf2_loss": 1.3341515064239502, "losses/qf_loss": 1.039992332458496, "losses/q_loss": 2.8596599102020264, "losses/actor_loss": -69.57820129394531, "losses/alpha": 0.019099248573184013, "losses/re_loss": 1.0951134754577652e-07, "rewards/q_r_loss": 2.325388193130493, "rewards/pre_re": -1.6328589916229248, "rewards/pre_rewards": -1.0051578283309937, "rewards/eps_rewards": -1.0047192573547363, "rewards/batch_rewards": -0.9986490607261658, "rewards/true_r_var": 0.599248468875885, "rewards/a_var1": 2.2700164318084717, "rewards/a_var2": 2.2378957271575928, "rewards/r_var1": 2.113980770111084, "rewards/r_var2": 2.1178014278411865, "rewards/r_q_v_max": 2.49822998046875, "rewards/r_q_v_min": -8.656883239746094, "rewards/r_true_max": 1.1225303411483765, "rewards/r_true_min": -2.2685699462890625, "charts/SPS": 42.0, "losses/alpha_loss": -0.09895011782646179, "_wandb": {"runtime": 47631}}