{"global_step": 4994, "_timestamp": 1747052917.7318969, "_runtime": 6.651838779449463, "_step": 41, "charts/episodic_return": -23.725086212158203, "charts/episodic_length": 68.0, "_wandb": {"runtime": 7}}