{"global_step": 2999900, "_timestamp": 1751752693.9083304, "_runtime": 77019.55680537224, "_step": 33125, "charts/episodic_return": 3487.847412109375, "charts/episodic_length": 1000.0, "losses/qf1_values": 256.18646240234375, "losses/qf2_values": 256.900634765625, "losses/qf1_loss": 7.170137405395508, "losses/qf2_loss": 9.957171440124512, "losses/qf_loss_reward": 0.003371765371412039, "losses/qf_loss_reward_t": 0.12235406041145325, "losses/qf_loss": 2.140913486480713, "losses/q_loss": 0.9495229721069336, "losses/target_q_loss": 2.184382200241089, "losses/loss_r_true": 0.7330069541931152, "losses/actor_loss": -696.8736572265625, "losses/alpha": 0.06370851397514343, "rewards/eps_rewards": 3.0553393363952637, "rewards/batch_rewards": 3.092635154724121, "rewards/true_r_var": 2.680649995803833, "rewards/pre_re_ave": 2.956484794616699, "charts/SPS": 38.0, "losses/alpha_loss": 0.29864898324012756, "_wandb": {"runtime": 77021}}