{"global_step": 918700, "_timestamp": 1749795558.9826527, "_runtime": 22897.889909744263, "_step": 10335, "charts/episodic_return": 673.0833740234375, "charts/episodic_length": 1000.0, "losses/qf1_values": 29.457462310791016, "losses/qf2_values": 29.56902313232422, "losses/qf1_loss": 2.7407922744750977, "losses/qf2_loss": 2.056022882461548, "losses/qf_loss_reward": 0.08628156781196594, "losses/qf_loss_reward_t": 0.02355419285595417, "losses/qf_loss": 0.5996018648147583, "losses/q_loss": 25.62351417541504, "losses/target_q_loss": 0.6117762923240662, "losses/actor_loss": -136.8070831298828, "losses/alpha": 0.009805786423385143, "rewards/eps_rewards": 0.035421259701251984, "rewards/batch_rewards": 0.07093887776136398, "rewards/true_r_var": 0.5122368335723877, "charts/SPS": 40.0, "losses/alpha_loss": -0.10094738751649857}