{"global_step": 2999900, "_timestamp": 1750993057.5516038, "_runtime": 77181.16884970665, "_step": 36109, "charts/episodic_return": 1278.7528076171875, "charts/episodic_length": 619.0, "losses/qf1_values": 85.30831909179688, "losses/qf2_values": 85.91307067871094, "losses/qf1_loss": 32.46343994140625, "losses/qf2_loss": 16.319889068603516, "losses/qf_loss_reward": 0.5939812660217285, "losses/qf_loss_reward_t": 0.07186537981033325, "losses/qf_loss": 6.097916126251221, "losses/q_loss": 13.944576263427734, "losses/target_q_loss": 6.221728324890137, "losses/loss_r_true": 4.205588340759277, "losses/actor_loss": -237.7264404296875, "losses/alpha": 0.027878552675247192, "rewards/eps_rewards": 1.6959724426269531, "rewards/batch_rewards": 1.596343755722046, "rewards/true_r_var": 1.397444248199463, "charts/SPS": 38.0, "losses/alpha_loss": 0.07021723687648773, "_wandb": {"runtime": 77183}}