{"global_step": 828600, "_timestamp": 1752244836.9445357, "_runtime": 8601.288964748383, "_step": 9566, "charts/episodic_return": 1646.4625244140625, "charts/episodic_length": 1000.0, "losses/qf1_values": 44.123008728027344, "losses/qf2_values": 44.17554473876953, "losses/qf1_loss": 3.6872220039367676, "losses/qf2_loss": 3.690138816833496, "losses/qf_loss_reward": 0.05994120240211487, "losses/qf_loss_reward_t": 0.20632337033748627, "losses/qf_loss": 3.688680410385132, "losses/r_loss": 3.4534952640533447, "losses/target_q_loss": 3.763575553894043, "losses/actor_loss": -43.59001159667969, "losses/alpha": 0.012171872891485691, "rewards/eps_rewards": 1.4042280912399292, "rewards/batch_rewards": 1.4370687007904053, "rewards/true_r_var": 0.5585632920265198, "rewards/pre_re_ave": 1.3835794925689697, "charts/SPS": 96.0, "losses/alpha_loss": 0.01624009758234024}