{"global_step": 335400, "_timestamp": 1751499564.7657187, "_runtime": 8619.39996266365, "_step": 3793, "charts/episodic_return": 720.3878173828125, "charts/episodic_length": 407.0, "losses/qf1_values": 117.32365417480469, "losses/qf2_values": 118.38938903808594, "losses/qf1_loss": 4.180360794067383, "losses/qf2_loss": 6.748025894165039, "losses/qf_loss_reward": 0.0706237405538559, "losses/qf_loss_reward_t": 0.571505606174469, "losses/qf_loss": 1.3660483360290527, "losses/q_loss": 1.9059536457061768, "losses/target_q_loss": 1.6604552268981934, "losses/loss_r_true": 0.5708552598953247, "losses/actor_loss": -372.4891357421875, "losses/alpha": 0.022813905030488968, "rewards/eps_rewards": 1.093904733657837, "rewards/batch_rewards": 1.1064434051513672, "rewards/true_r_var": 1.5503144264221191, "charts/SPS": 39.0, "losses/alpha_loss": 0.08280161023139954}