{"global_step": 8700, "_timestamp": 1747063650.7807462, "_runtime": 238.1247923374176, "_step": 345, "charts/episodic_return": 219.90982055664062, "charts/episodic_length": 150.0, "losses/qf1_values": 6.308284759521484, "losses/qf2_values": 6.416788101196289, "losses/qf1_loss": 0.638283371925354, "losses/qf2_loss": 0.6530427932739258, "losses/qf_loss": 0.39447516202926636, "losses/q_loss": 0.4579916298389435, "losses/actor_loss": -30.374094009399414, "losses/alpha": 0.10162107646465302, "losses/re_loss": 0.0003523591149132699, "losses/re_test_loss": 4.1687089833430946e-05, "losses/q_r_loss": 0.5387973189353943, "rewards/pre_re": 0.23736834526062012, "rewards/pre_rewards": 0.9818322658538818, "rewards/eps_rewards": 0.9672313928604126, "rewards/batch_rewards": 0.9591670036315918, "rewards/true_r_var": 0.07083766162395477, "charts/SPS": 37.0, "losses/alpha_loss": 1.90956711769104}