{"global_step": 4994, "_timestamp": 1749613376.7064695, "_runtime": 27.883946418762207, "_step": 41, "charts/episodic_return": -23.725086212158203, "charts/episodic_length": 68.0, "_wandb": {"runtime": 28}}