{"global_step": 218100, "_timestamp": 1747324033.9320574, "_runtime": 9620.25414943695, "_step": 7393, "charts/episodic_return": 92.73863220214844, "charts/episodic_length": 54.0, "losses/qf1_values": 39.91032409667969, "losses/qf2_values": 39.929443359375, "losses/qf1_loss": 0.8562113046646118, "losses/qf2_loss": 0.7185618877410889, "losses/qf_loss": 0.5238980650901794, "losses/q_loss": 36.04027557373047, "losses/actor_loss": -159.67396545410156, "losses/alpha": 0.002626187400892377, "rewards/eps_rewards": 1.7854746580123901, "rewards/batch_rewards": 1.7854746580123901, "rewards/true_r_var": 0.1633642613887787, "charts/SPS": 22.0, "losses/alpha_loss": 0.002307574264705181}