{"global_step": 11713, "_timestamp": 1747060287.9398923, "_runtime": 337.2494213581085, "_step": 417, "charts/episodic_return": 70.95333099365234, "charts/episodic_length": 62.0, "losses/qf1_values": 11.428773880004883, "losses/qf2_values": 11.430562973022461, "losses/qf1_loss": 0.034206584095954895, "losses/qf2_loss": 0.0648670569062233, "losses/qf_loss": 0.057460248470306396, "losses/q_loss": 0.11811380088329315, "losses/actor_loss": -44.211978912353516, "losses/alpha": 0.030675996094942093, "losses/re_loss": 0.00033837626688182354, "losses/q_r_loss": 0.09271273761987686, "rewards/pre_re": 0.671106219291687, "rewards/pre_rewards": 0.7049697637557983, "rewards/eps_rewards": 0.6884436011314392, "rewards/batch_rewards": 0.6602181196212769, "rewards/true_r_var": 0.10061682015657425, "charts/SPS": 35.0, "losses/alpha_loss": 0.3351864218711853, "_wandb": {"runtime": 338}}