{"global_step": 7576, "_timestamp": 1747172941.1176467, "_runtime": 126.97694969177246, "_step": 301, "charts/episodic_return": 212.30953979492188, "charts/episodic_length": 95.0, "losses/qf1_values": 15.292011260986328, "losses/qf2_values": 15.168850898742676, "losses/qf1_loss": 1.7614796161651611, "losses/qf2_loss": 1.6548272371292114, "losses/qf_loss": 0.9736775755882263, "losses/q_loss": 0.34983184933662415, "losses/actor_loss": -70.30862426757812, "losses/alpha": 0.22168834507465363, "losses/re_test_loss": 0.0052842143923044205, "rewards/eps_rewards": 0.4095618426799774, "rewards/batch_rewards": 0.44764935970306396, "rewards/true_r_var": 0.2149951010942459, "charts/SPS": 66.0, "losses/alpha_loss": 2.0512561798095703}