{"global_step": 325000, "_timestamp": 1751002333.881536, "_runtime": 8502.32308101654, "_step": 3917, "charts/episodic_return": 127.11875915527344, "charts/episodic_length": 265.0, "losses/qf1_values": 23.03887176513672, "losses/qf2_values": 23.05023956298828, "losses/qf1_loss": 1.0293292999267578, "losses/qf2_loss": 1.3537993431091309, "losses/qf_loss_reward": 0.0006796875386498868, "losses/qf_loss_reward_t": 0.0003276478673797101, "losses/qf_loss": 0.2978910803794861, "losses/q_loss": 1.4957598447799683, "losses/target_q_loss": 0.3128631114959717, "losses/loss_r_true": 0.06472150981426239, "losses/actor_loss": -14.009092330932617, "losses/alpha": 0.007320224307477474, "rewards/eps_rewards": 0.1498640775680542, "rewards/batch_rewards": 0.0670737475156784, "rewards/true_r_var": 1.2485977411270142, "charts/SPS": 38.0, "losses/alpha_loss": 0.0006470802472904325}