{"global_step": 7000, "_timestamp": 1747139861.0387995, "_runtime": 156.190815448761, "_step": 293, "charts/episodic_return": 193.0879364013672, "charts/episodic_length": 87.0, "losses/qf1_values": 22.99146270751953, "losses/qf2_values": 22.390422821044922, "losses/qf1_loss": 6.570634841918945, "losses/qf2_loss": 5.5019450187683105, "losses/qf_loss": 2.3695647716522217, "losses/q_loss": 1.5039117336273193, "losses/actor_loss": -67.0781478881836, "losses/alpha": 0.26573890447616577, "losses/re_loss": 0.0001643066934775561, "losses/re_test_loss": 0.021010201424360275, "losses/q_r_loss": 1.6416957378387451, "rewards/pre_re": 2.422614574432373, "rewards/pre_rewards": 1.687098741531372, "rewards/eps_rewards": 1.697052240371704, "rewards/batch_rewards": 1.6940810680389404, "rewards/true_r_var": 0.2120709866285324, "charts/SPS": 46.0, "losses/alpha_loss": 3.031815767288208}