{"global_step": 168200, "_timestamp": 1751002335.4324403, "_runtime": 4458.310468196869, "_step": 2215, "charts/episodic_return": 57.134376525878906, "charts/episodic_length": 117.0, "losses/qf1_values": -5.90322208404541, "losses/qf2_values": -5.955527305603027, "losses/qf1_loss": 3.5013933181762695, "losses/qf2_loss": 2.2667274475097656, "losses/qf_loss_reward": 0.00018416406237520278, "losses/qf_loss_reward_t": 0.0004860394401475787, "losses/qf_loss": 0.7210150957107544, "losses/q_loss": 0.8405279517173767, "losses/target_q_loss": 0.7879648208618164, "losses/loss_r_true": 0.3067440092563629, "losses/actor_loss": 67.19049072265625, "losses/alpha": 0.0056803603656589985, "rewards/eps_rewards": 0.3677781820297241, "rewards/batch_rewards": 0.271699458360672, "rewards/true_r_var": 1.0045409202575684, "charts/SPS": 37.0, "losses/alpha_loss": -0.017253151163458824}