{"global_step": 2056400, "_timestamp": 1739564096.0456376, "_runtime": 47846.30287861824, "_step": 22842, "charts/episodic_return": 1339.8818359375, "charts/episodic_length": 1000.0, "losses/qf1_values": 40.99909973144531, "losses/qf2_values": 41.36872863769531, "losses/qf1_loss": 3.710361957550049, "losses/qf2_loss": 3.1789565086364746, "losses/qf_loss": 3.4446592330932617, "losses/q_loss": 30.632076263427734, "losses/actor_loss": -43.49229431152344, "losses/alpha": 0.0323517844080925, "losses/re_loss": 0.000847084098495543, "rewards/q_r_loss": 32.23870086669922, "rewards/pre_re": -3.5505471229553223, "rewards/pre_rewards": -1.260871410369873, "rewards/eps_rewards": -1.23504638671875, "rewards/batch_rewards": -1.2723721265792847, "rewards/true_r_var": 1.2994130849838257, "rewards/a_var1": 31.120437622070312, "rewards/a_var2": 29.870681762695312, "rewards/r_var1": 32.304420471191406, "rewards/r_var2": 30.74542808532715, "rewards/r_q_v_max": 8.728094100952148, "rewards/r_q_v_min": -23.62088394165039, "rewards/r_true_max": 1.3327499628067017, "rewards/r_true_min": -5.2420973777771, "charts/SPS": 42.0, "losses/alpha_loss": -0.189511239528656}