{"global_step": 0, "_timestamp": 1739365853.0879092, "_runtime": 4.966859340667725, "_step": 0, "_wandb": {"runtime": 3}}