{"global_step": 303800, "_timestamp": 1747764378.6204932, "_runtime": 16476.30010819435, "_step": 3284, "charts/episodic_return": 897.6049194335938, "charts/episodic_length": 1000.0, "losses/qf1_values": 79.07171630859375, "losses/qf2_values": 79.143310546875, "losses/qf1_loss": 0.0412013903260231, "losses/qf2_loss": 0.01314643956720829, "losses/qf_loss": 0.029446078464388847, "losses/q_loss": 0.08974725008010864, "losses/actor_loss": -315.7830810546875, "losses/alpha": 0.010790775530040264, "rewards/eps_rewards": 0.8507381677627563, "rewards/batch_rewards": 0.8420025110244751, "rewards/true_r_var": 0.14581875503063202, "charts/SPS": 18.0, "losses/alpha_loss": 0.018316632136702538}