{"global_step": 283400, "_timestamp": 1741148903.5207732, "_runtime": 8424.830043077469, "_step": 3134, "charts/episodic_return": 860.4883422851562, "charts/episodic_length": 1000.0, "losses/qf1_values": 71.0009765625, "losses/qf2_values": 70.81056213378906, "losses/qf1_loss": 0.05532129853963852, "losses/qf2_loss": 0.0035784593783318996, "losses/qf_loss": 0.030337393283843994, "losses/q_loss": 0.04262424260377884, "losses/actor_loss": -282.8342590332031, "losses/alpha": 0.015547772869467735, "losses/re_loss": 0.0002611690724734217, "losses/q_r_loss": 0.01665438339114189, "rewards/pre_re": 0.8282546997070312, "rewards/pre_rewards": 0.8026558756828308, "rewards/eps_rewards": 0.7872931957244873, "rewards/batch_rewards": 0.7927358150482178, "rewards/true_r_var": 0.005321059376001358, "rewards/a_var1": 0.012097087688744068, "rewards/a_var2": 0.008970336988568306, "rewards/r_var1": 0.008942577987909317, "rewards/r_var2": 0.009503072127699852, "rewards/r_q_v_max": 1.0242156982421875, "rewards/r_q_v_min": 0.5904998779296875, "rewards/r_true_max": 0.9688336849212646, "rewards/r_true_min": 0.6336013078689575, "charts/SPS": 33.0, "losses/alpha_loss": -0.024985525757074356}