{"global_step": 2750200, "_timestamp": 1739513492.8800952, "_runtime": 59415.46149635315, "_step": 30360, "charts/episodic_return": 759.5783081054688, "charts/episodic_length": 1000.0, "losses/qf1_values": 76.6629867553711, "losses/qf2_values": 76.68693542480469, "losses/qf1_loss": 0.002804258605465293, "losses/qf2_loss": 0.003197197802364826, "losses/qf_loss": 0.0030007283203303814, "losses/actor_loss": -76.61465454101562, "losses/alpha": 0.00418313592672348, "losses/re_loss": 1.0752487469289917e-06, "rewards/q_r_loss": 0.022804157808423042, "rewards/pre_re": 0.7800708413124084, "rewards/pre_rewards": 0.7817447185516357, "rewards/eps_rewards": 0.7814702391624451, "rewards/batch_rewards": 0.7995957136154175, "rewards/true_r_var": 0.0894930362701416, "rewards/a_var1": 0.08324326574802399, "rewards/a_var2": 0.09086521714925766, "rewards/r_var1": 0.0027881998103111982, "rewards/r_var2": 0.002415846101939678, "rewards/r_q_v_max": 0.93609619140625, "rewards/r_q_v_min": 0.5287094116210938, "rewards/r_true_max": 1.315232276916504, "rewards/r_true_min": -2.1169440746307373, "charts/SPS": 46.0, "losses/alpha_loss": 0.00290177040733397}