{"global_step": 286800, "_timestamp": 1751780432.3295598, "_runtime": 7518.180833816528, "_step": 3226, "charts/episodic_return": 303.1547546386719, "charts/episodic_length": 182.0, "losses/qf1_values": 82.85400390625, "losses/qf2_values": 83.03475952148438, "losses/qf1_loss": 4.672882080078125, "losses/qf2_loss": 3.336601734161377, "losses/qf_loss_reward": 0.016196921467781067, "losses/qf_loss_reward_t": 0.007060703355818987, "losses/qf_loss": 1.001185417175293, "losses/q_loss": 1.0916409492492676, "losses/target_q_loss": 1.0811824798583984, "losses/loss_r_true": 0.27219903469085693, "losses/actor_loss": -130.392333984375, "losses/alpha": 0.015218446962535381, "rewards/eps_rewards": 0.7589282989501953, "rewards/batch_rewards": 0.74256432056427, "rewards/true_r_var": 0.44577622413635254, "rewards/pre_re_ave": 1.0075116157531738, "charts/SPS": 38.0, "losses/alpha_loss": 0.030169785022735596}