{"global_step": 856900, "_timestamp": 1749795558.7351096, "_runtime": 21798.77740764618, "_step": 9645, "charts/episodic_return": 530.8372802734375, "charts/episodic_length": 1000.0, "losses/qf1_values": 50.007781982421875, "losses/qf2_values": 50.01909637451172, "losses/qf1_loss": 0.11275087296962738, "losses/qf2_loss": 0.11830585449934006, "losses/qf_loss_reward": 0.0031173729803413153, "losses/qf_loss_reward_t": 0.004658660851418972, "losses/qf_loss": 0.028882090002298355, "losses/q_loss": 8.471498489379883, "losses/target_q_loss": 0.029468491673469543, "losses/actor_loss": -171.9016876220703, "losses/alpha": 0.010078536346554756, "rewards/eps_rewards": 0.45677700638771057, "rewards/batch_rewards": 0.4546589255332947, "rewards/true_r_var": 0.04356939345598221, "charts/SPS": 39.0, "losses/alpha_loss": -0.03885670006275177}