{"global_step": 2773000, "_timestamp": 1739824061.3196046, "_runtime": 102758.1325955391, "_step": 30451, "charts/episodic_return": 9780.33203125, "charts/episodic_length": 1000.0, "losses/qf1_values": 908.382080078125, "losses/qf2_values": 908.361572265625, "losses/qf1_loss": 1.3964641094207764, "losses/qf2_loss": 1.0018872022628784, "losses/qf_loss": 1.1991755962371826, "losses/q_loss": 3.615133047103882, "losses/actor_loss": -908.2476806640625, "losses/alpha": 0.04701758548617363, "losses/re_loss": 0.0063987672328948975, "rewards/q_r_loss": 2.308070182800293, "rewards/pre_re": 9.069375038146973, "rewards/pre_rewards": 9.705613136291504, "rewards/eps_rewards": 9.63618278503418, "rewards/batch_rewards": 9.953707695007324, "rewards/true_r_var": 2.477203845977783, "rewards/a_var1": 3.413105010986328, "rewards/a_var2": 3.118333578109741, "rewards/r_var1": 1.324308156967163, "rewards/r_var2": 0.9182953238487244, "rewards/r_q_v_max": 12.93701171875, "rewards/r_q_v_min": 5.07452392578125, "rewards/r_true_max": 12.520294189453125, "rewards/r_true_min": -0.9031215310096741, "charts/SPS": 26.0, "losses/alpha_loss": 0.006273978389799595}