{"global_step": 6100, "_timestamp": 1744802922.6933491, "_runtime": 76.33083200454712, "_step": 53, "charts/episodic_return": -331.50262451171875, "charts/episodic_length": 1000.0, "losses/qf1_values": 14.097421646118164, "losses/qf2_values": 13.822400093078613, "losses/qf1_loss": 1.0510433912277222, "losses/qf2_loss": 0.7496625781059265, "losses/qf_loss": 1.4412039518356323, "losses/q_loss": 1.3782808780670166, "losses/actor_loss": -63.40074920654297, "losses/alpha": 0.40450799465179443, "losses/re_loss": 0.00011555920355021954, "losses/q_r_loss": 1.0852291584014893, "rewards/pre_re": -0.6477513313293457, "rewards/pre_rewards": -0.3064623475074768, "rewards/eps_rewards": -0.33194103837013245, "rewards/batch_rewards": -0.31395941972732544, "rewards/true_r_var": 0.39109835028648376, "rewards/a_var1": 0.9837785959243774, "rewards/a_var2": 0.810194730758667, "rewards/r_var1": 0.6978187561035156, "rewards/r_var2": 0.4644303023815155, "rewards/r_q_v_max": 1.0401973724365234, "rewards/r_q_v_min": -2.4303531646728516, "rewards/r_true_max": 1.0711650848388672, "rewards/r_true_min": -1.807212233543396, "charts/SPS": 99.0, "losses/alpha_loss": 21.101390838623047}