{"global_step": 330300, "_timestamp": 1749710401.1456769, "_runtime": 8352.639754772186, "_step": 3847, "charts/episodic_return": 465.4200134277344, "charts/episodic_length": 1000.0, "losses/qf1_values": 17.801395416259766, "losses/qf2_values": 18.019916534423828, "losses/qf1_loss": 0.7170782089233398, "losses/qf2_loss": 0.6940218210220337, "losses/qf_loss_reward": 0.013681995682418346, "losses/qf_loss_reward_t": 0.00897157471626997, "losses/qf_loss": 0.1763875037431717, "losses/q_loss": 4.198084831237793, "losses/target_q_loss": 0.1799689382314682, "losses/actor_loss": -128.04002380371094, "losses/alpha": 0.007382424082607031, "rewards/eps_rewards": 0.09207777678966522, "rewards/batch_rewards": 0.14185413718223572, "rewards/true_r_var": 0.24424399435520172, "charts/SPS": 39.0, "losses/alpha_loss": 0.01955263502895832}