{"global_step": 2999900, "_timestamp": 1751770949.2742894, "_runtime": 77056.49008536339, "_step": 44331, "charts/episodic_return": 30.366294860839844, "charts/episodic_length": 25.0, "losses/qf1_values": 113.84121704101562, "losses/qf2_values": 120.08036804199219, "losses/qf1_loss": 187.1550750732422, "losses/qf2_loss": 134.2461700439453, "losses/qf_loss_reward": 124.50833129882812, "losses/qf_loss_reward_t": 192.12582397460938, "losses/qf_loss": 40.17515563964844, "losses/q_loss": 1043.324951171875, "losses/target_q_loss": 219.24603271484375, "losses/loss_r_true": 292.7413635253906, "losses/actor_loss": -428.42572021484375, "losses/alpha": 0.2267252653837204, "rewards/eps_rewards": 44.979400634765625, "rewards/batch_rewards": -0.42261558771133423, "rewards/true_r_var": 1.5122454166412354, "rewards/pre_re_ave": 22.663414001464844, "charts/SPS": 38.0, "losses/alpha_loss": -2.2682955265045166, "_wandb": {"runtime": 77058}}