{"global_step": 365100, "_timestamp": 1751780252.927155, "_runtime": 9251.757493972778, "_step": 4118, "charts/episodic_return": 663.8734130859375, "charts/episodic_length": 1000.0, "losses/qf1_values": 43.08283996582031, "losses/qf2_values": 43.02448272705078, "losses/qf1_loss": 0.47496894001960754, "losses/qf2_loss": 0.5683695077896118, "losses/qf_loss_reward": 0.00011953509238082916, "losses/qf_loss_reward_t": 0.12121269106864929, "losses/qf_loss": 0.13041730225086212, "losses/q_loss": 0.588997483253479, "losses/target_q_loss": 0.13306528329849243, "losses/loss_r_true": 0.020985914394259453, "losses/actor_loss": -124.75289916992188, "losses/alpha": 0.014011978171765804, "rewards/eps_rewards": 0.7105351090431213, "rewards/batch_rewards": 0.7131754159927368, "rewards/true_r_var": 0.007789365015923977, "rewards/pre_re_ave": 0.6917421817779541, "charts/SPS": 39.0, "losses/alpha_loss": 0.01325091440230608}