{"global_step": 2999900, "_timestamp": 1749697080.2952578, "_runtime": 74314.48932671547, "_step": 51657, "charts/episodic_return": -7.1041975021362305, "charts/episodic_length": 86.0, "losses/qf1_values": 0.32125043869018555, "losses/qf2_values": -1.9734536409378052, "losses/qf1_loss": 33.10197067260742, "losses/qf2_loss": 18.188766479492188, "losses/qf_loss_reward": 0.5120176672935486, "losses/qf_loss_reward_t": 1.2088637351989746, "losses/qf_loss": 6.411342144012451, "losses/target_q_loss": 10.694061279296875, "losses/actor_loss": 198.08856201171875, "losses/alpha": 0.10866357386112213, "rewards/eps_rewards": -2.7486541271209717, "rewards/batch_rewards": -0.9700628519058228, "rewards/true_r_var": 1.1997754573822021, "charts/SPS": 40.0, "losses/alpha_loss": 0.1235189139842987, "_wandb": {"runtime": 74564}}