{"global_step": 2999998, "_timestamp": 1749697264.239153, "_runtime": 74498.44297099113, "_step": 59905, "charts/episodic_return": -10.263769149780273, "charts/episodic_length": 10.0, "losses/qf1_values": 122.45635223388672, "losses/qf2_values": 122.17829895019531, "losses/qf1_loss": 114.44514465332031, "losses/qf2_loss": 305.54425048828125, "losses/qf_loss_reward": 108.76626586914062, "losses/qf_loss_reward_t": 197.68150329589844, "losses/qf_loss": 52.49867248535156, "losses/target_q_loss": 1459.792236328125, "losses/actor_loss": -552.9056396484375, "losses/alpha": 0.580426812171936, "rewards/eps_rewards": -5.837547302246094, "rewards/batch_rewards": -0.5998163223266602, "rewards/true_r_var": 2.3801944255828857, "charts/SPS": 40.0, "losses/alpha_loss": -5.6826395988464355, "_wandb": {"runtime": 75182}}