{"global_step": 26600, "_timestamp": 1751675603.70324, "_runtime": 1271.684779882431, "_step": 330, "charts/episodic_return": 18.26793098449707, "charts/episodic_length": 35.0, "losses/qf1_values": 7.432271957397461, "losses/qf2_values": 7.15131950378418, "losses/qf1_loss": 2.070254325866699, "losses/qf2_loss": 2.7768640518188477, "losses/qf_loss_reward": 0.00333707919344306, "losses/qf_loss_reward_t": 0.024614302441477776, "losses/qf_loss": 0.6058897972106934, "losses/q_loss": 0.6883283853530884, "losses/target_q_loss": 0.6181917786598206, "losses/loss_r_true": 0.05337391048669815, "losses/actor_loss": 0.09788799285888672, "losses/alpha": 0.01018762867897749, "rewards/eps_rewards": -0.13979320228099823, "rewards/batch_rewards": -0.1065782755613327, "rewards/true_r_var": 0.5895182490348816, "charts/SPS": 21.0, "losses/alpha_loss": -0.10385629534721375}