{"global_step": 4994, "_timestamp": 1751940380.4707115, "_runtime": 7.070436477661133, "_step": 41, "charts/episodic_return": -23.725086212158203, "charts/episodic_length": 68.0, "_wandb": {"runtime": 6}}