{"global_step": 2990600, "_timestamp": 1741244580.795716, "_runtime": 86375.38399195671, "_step": 33036, "charts/episodic_return": 938.865478515625, "charts/episodic_length": 1000.0, "losses/qf1_values": 86.00071716308594, "losses/qf2_values": 85.97598266601562, "losses/qf1_loss": 0.0008282962953671813, "losses/qf2_loss": 0.0016136706108227372, "losses/qf_loss": 0.0025002474430948496, "losses/q_loss": 0.01437742542475462, "losses/actor_loss": -343.6988525390625, "losses/alpha": 0.008229667320847511, "losses/re_loss": 4.1144294300465845e-06, "losses/q_r_loss": 0.009982546791434288, "rewards/pre_re": 0.9352685213088989, "rewards/pre_rewards": 0.9753527045249939, "rewards/eps_rewards": 0.9729015827178955, "rewards/batch_rewards": 0.9775453805923462, "rewards/true_r_var": 0.00970919243991375, "rewards/a_var1": 0.011207817122340202, "rewards/a_var2": 0.011327319778501987, "rewards/r_var1": 0.003794309450313449, "rewards/r_var2": 0.0026013823226094246, "rewards/r_q_v_max": 1.0573959350585938, "rewards/r_q_v_min": 0.7826385498046875, "rewards/r_true_max": 1.2030221223831177, "rewards/r_true_min": 0.8388243913650513, "charts/SPS": 34.0, "losses/alpha_loss": 0.002375239972025156}