{"global_step": 2894900, "_timestamp": 1741249983.0933719, "_runtime": 86367.85995697975, "_step": 31852, "charts/episodic_return": -1997.0208740234375, "charts/episodic_length": 1000.0, "losses/qf1_values": -2719659589632.0, "losses/qf2_values": -2690253848576.0, "losses/qf1_loss": -2.7586024898322066e+22, "losses/qf2_loss": -6.698564013758328e+21, "losses/qf_loss": -1.224631492811136e+24, "losses/q_loss": 1.643002639596552e+24, "losses/actor_loss": 13524359184384.0, "losses/alpha": 59257753600.0, "losses/re_loss": 0.0002464932040311396, "losses/q_r_loss": 1.8909859671743195e+24, "rewards/pre_re": 494360461312.0, "rewards/pre_rewards": -2.104522943496704, "rewards/eps_rewards": -2.1199469566345215, "rewards/batch_rewards": -2.115062713623047, "rewards/true_r_var": 0.06518261134624481, "rewards/a_var1": 2.791258270874255e+23, "rewards/a_var2": 2.8859877060123065e+23, "rewards/r_var1": 2.791258270874255e+23, "rewards/r_var2": 2.8859877060123065e+23, "rewards/r_q_v_max": 3609513689088.0, "rewards/r_q_v_min": -1652655521792.0, "rewards/r_true_max": -1.33472740650177, "rewards/r_true_min": -2.6772468090057373, "charts/SPS": 33.0, "losses/alpha_loss": -127700729856.0}