{"global_step": 511800, "_timestamp": 1739537861.196214, "_runtime": 17223.256116867065, "_step": 5724, "charts/episodic_return": 636.3627319335938, "charts/episodic_length": 1000.0, "losses/qf1_values": 50.260929107666016, "losses/qf2_values": 49.920135498046875, "losses/qf1_loss": 0.1485319435596466, "losses/qf2_loss": 0.017834262922406197, "losses/qf_loss": 0.08318310230970383, "losses/q_loss": 0.17048707604408264, "losses/actor_loss": -50.0525016784668, "losses/alpha": 0.011056393384933472, "losses/re_loss": 7.2022412496153265e-06, "rewards/q_r_loss": 0.06142505258321762, "rewards/pre_re": 0.5271181464195251, "rewards/pre_rewards": 0.5153272151947021, "rewards/eps_rewards": 0.5109499096870422, "rewards/batch_rewards": 0.5131518244743347, "rewards/true_r_var": 0.04756493121385574, "rewards/a_var1": 0.14335528016090393, "rewards/a_var2": 0.07185227423906326, "rewards/r_var1": 0.06992447376251221, "rewards/r_var2": 0.058556027710437775, "rewards/r_q_v_max": 1.4862213134765625, "rewards/r_q_v_min": -2.4035682678222656, "rewards/r_true_max": 1.4338358640670776, "rewards/r_true_min": -1.2129489183425903, "charts/SPS": 29.0, "losses/alpha_loss": 0.024079520255327225}