{"global_step": 233500, "_timestamp": 1751003954.2437046, "_runtime": 6203.512271642685, "_step": 2616, "charts/episodic_return": 721.9684448242188, "charts/episodic_length": 1000.0, "losses/qf1_values": 54.04658126831055, "losses/qf2_values": 53.91127014160156, "losses/qf1_loss": 0.17028407752513885, "losses/qf2_loss": 0.2146567702293396, "losses/qf_loss_reward": 0.007057225797325373, "losses/qf_loss_reward_t": 0.01011218223720789, "losses/qf_loss": 0.048117607831954956, "losses/q_loss": 0.03370048105716705, "losses/target_q_loss": 0.04909459874033928, "losses/loss_r_true": 0.017000606283545494, "losses/actor_loss": -220.45077514648438, "losses/alpha": 0.020460641011595726, "rewards/eps_rewards": 0.5952876806259155, "rewards/batch_rewards": 0.5743637084960938, "rewards/true_r_var": 0.04097210615873337, "charts/SPS": 37.0, "losses/alpha_loss": 0.003731725737452507}