{"global_step": 167700, "_timestamp": 1744809831.089211, "_runtime": 6999.262249946594, "_step": 1894, "charts/episodic_return": 703.288818359375, "charts/episodic_length": 1000.0, "losses/qf1_values": 61.885597229003906, "losses/qf2_values": 61.88278579711914, "losses/qf1_loss": 0.026873255148530006, "losses/qf2_loss": 0.022486098110675812, "losses/qf_loss": 1.152779221534729, "losses/q_loss": 0.7722256183624268, "losses/actor_loss": -250.80877685546875, "losses/alpha": 0.008696353062987328, "losses/re_loss": 4.9350674089509994e-05, "losses/q_r_loss": 0.9254829287528992, "rewards/pre_re": 0.5472607016563416, "rewards/pre_rewards": 0.6711911559104919, "rewards/eps_rewards": 0.6779145002365112, "rewards/batch_rewards": 0.6798784732818604, "rewards/true_r_var": 0.006102751474827528, "rewards/a_var1": 0.010416285134851933, "rewards/a_var2": 0.010636180639266968, "rewards/r_var1": 0.009736290201544762, "rewards/r_var2": 0.006275678984820843, "rewards/r_q_v_max": 0.7009620666503906, "rewards/r_q_v_min": 0.22987747192382812, "rewards/r_true_max": 0.8519346714019775, "rewards/r_true_min": 0.4890366196632385, "charts/SPS": 24.0, "losses/alpha_loss": -0.046979960054159164, "_wandb": {"runtime": 6991}}