{"global_step": 51100, "_timestamp": 1739513363.1894479, "_runtime": 1588.3477787971497, "_step": 647, "charts/episodic_return": -143.06576538085938, "charts/episodic_length": 139.0, "losses/qf1_values": -36.3531494140625, "losses/qf2_values": -35.6617546081543, "losses/qf1_loss": 0.9961987137794495, "losses/qf2_loss": 0.09406422823667526, "losses/qf_loss": 0.5451314449310303, "losses/actor_loss": 36.021453857421875, "losses/alpha": 0.026747358962893486, "losses/re_loss": 1.2779436247001286e-06, "rewards/q_r_loss": 436.0200500488281, "rewards/pre_re": -4.739327907562256, "rewards/pre_rewards": -0.8939370512962341, "rewards/eps_rewards": -0.8886555433273315, "rewards/batch_rewards": -0.8665493726730347, "rewards/true_r_var": 1.0479769706726074, "rewards/a_var1": 431.4869079589844, "rewards/a_var2": 374.46697998046875, "rewards/r_var1": 434.07073974609375, "rewards/r_var2": 376.52899169921875, "rewards/r_q_v_max": 52.1284065246582, "rewards/r_q_v_min": -55.354339599609375, "rewards/r_true_max": 0.9540414810180664, "rewards/r_true_min": -3.097431182861328, "charts/SPS": 32.0, "losses/alpha_loss": -0.013550064526498318}