{"global_step": 916500, "_timestamp": 1749795530.73884, "_runtime": 22677.0311691761, "_step": 10238, "charts/episodic_return": 711.048095703125, "charts/episodic_length": 1000.0, "losses/qf1_values": 64.51106262207031, "losses/qf2_values": 64.63346862792969, "losses/qf1_loss": 0.07605130970478058, "losses/qf2_loss": 0.006638798862695694, "losses/qf_loss_reward": 0.013424310833215714, "losses/qf_loss_reward_t": 0.0009407126344740391, "losses/qf_loss": 0.010336263105273247, "losses/q_loss": 2.398043632507324, "losses/target_q_loss": 0.010546078905463219, "losses/actor_loss": -214.0955810546875, "losses/alpha": 0.00970667414367199, "rewards/eps_rewards": 0.4676022231578827, "rewards/batch_rewards": 0.46527624130249023, "rewards/true_r_var": 0.008651204407215118, "charts/SPS": 40.0, "losses/alpha_loss": 0.02760830894112587}