{"global_step": 2999900, "_timestamp": 1750997673.641653, "_runtime": 80091.01417708397, "_step": 33186, "charts/episodic_return": 1496.1455078125, "charts/episodic_length": 1000.0, "losses/qf1_values": 106.1155776977539, "losses/qf2_values": 106.59817504882812, "losses/qf1_loss": 0.7324716448783875, "losses/qf2_loss": 1.2325793504714966, "losses/qf_loss_reward": 0.0009613886359147727, "losses/qf_loss_reward_t": 0.03694085404276848, "losses/qf_loss": 0.2456313669681549, "losses/q_loss": 0.5391473770141602, "losses/target_q_loss": 0.2506186366081238, "losses/loss_r_true": 0.12000485509634018, "losses/actor_loss": -465.85467529296875, "losses/alpha": 0.018784349784255028, "rewards/eps_rewards": 0.3388642966747284, "rewards/batch_rewards": 0.3171809911727905, "rewards/true_r_var": 0.07283361256122589, "charts/SPS": 37.0, "losses/alpha_loss": -0.010558607056736946, "_wandb": {"runtime": 80093}}