{"global_step": 9917, "_timestamp": 1747067532.461699, "_runtime": 210.24680399894714, "_step": 499, "charts/episodic_return": 17.17972183227539, "charts/episodic_length": 18.0, "losses/qf1_values": 0.04114166274666786, "losses/qf2_values": -0.1508592814207077, "losses/qf1_loss": 0.2501276135444641, "losses/qf2_loss": 0.7400338649749756, "losses/qf_loss": 0.5837066769599915, "losses/q_loss": 0.6715543270111084, "losses/actor_loss": 0.12085021287202835, "losses/alpha": 0.057490523904561996, "losses/re_loss": 0.0003400756686460227, "losses/q_r_loss": 0.7356123924255371, "rewards/pre_re": -0.16654986143112183, "rewards/pre_rewards": 0.6830297708511353, "rewards/eps_rewards": 0.6619411110877991, "rewards/batch_rewards": 0.6948672533035278, "rewards/true_r_var": 0.09342165291309357, "charts/SPS": 48.0, "losses/alpha_loss": 1.15120267868042}