{"global_step": 11400, "_timestamp": 1748922568.212981, "_runtime": 194.45773792266846, "_step": 120, "charts/episodic_return": -1016.8118286132812, "charts/episodic_length": 1000.0, "losses/qf1_values": 16.26858139038086, "losses/qf2_values": 16.28065299987793, "losses/qf1_loss": 0.6286705136299133, "losses/qf2_loss": 0.6900485754013062, "losses/qf_loss": 0.722711443901062, "losses/q_loss": 9.215330123901367, "losses/actor_loss": -50.32740020751953, "losses/alpha": 0.042324766516685486, "rewards/eps_rewards": 0.02486458048224449, "rewards/batch_rewards": 0.0566534698009491, "rewards/true_r_var": 0.48322823643684387, "charts/SPS": 61.0, "losses/alpha_loss": 0.9528332352638245}