{"global_step": 4994, "_timestamp": 1749613420.7037225, "_runtime": 14.662684440612793, "_step": 41, "charts/episodic_return": -23.725086212158203, "charts/episodic_length": 68.0, "_wandb": {"runtime": 14}}