{"global_step": 75200, "_timestamp": 1747146264.5085425, "_runtime": 4677.809141635895, "_step": 847, "charts/episodic_return": 432.300537109375, "charts/episodic_length": 1000.0, "losses/qf1_values": 48.40200424194336, "losses/qf2_values": 48.30095672607422, "losses/qf1_loss": 0.00015739956870675087, "losses/qf2_loss": 0.004978025332093239, "losses/qf_loss": 0.050077203661203384, "losses/q_loss": 0.5170758962631226, "losses/actor_loss": -176.96603393554688, "losses/alpha": 0.03156527131795883, "rewards/eps_rewards": 0.8023247718811035, "rewards/batch_rewards": 0.799936056137085, "rewards/true_r_var": 0.003301578341051936, "charts/SPS": 16.0, "losses/alpha_loss": -0.01740865409374237}