{"global_step": 2999900, "_timestamp": 1748920333.1925025, "_runtime": 84131.90636658669, "_step": 33122, "charts/episodic_return": 2332.84912109375, "charts/episodic_length": 1000.0, "losses/qf1_values": 178.8190460205078, "losses/qf2_values": 178.69810485839844, "losses/qf1_loss": 0.9127318859100342, "losses/qf2_loss": 1.0750439167022705, "losses/qf_loss": 1.6425626277923584, "losses/q_loss": 2.5125010013580322, "losses/actor_loss": -543.0869750976562, "losses/alpha": 0.021845288574695587, "rewards/eps_rewards": 1.8189332485198975, "rewards/batch_rewards": 1.8159171342849731, "rewards/true_r_var": 0.49079909920692444, "charts/SPS": 35.0, "losses/alpha_loss": -0.02305055782198906, "_wandb": {"runtime": 84134}}