{"global_step": 0, "_timestamp": 1739481345.6656215, "_runtime": 5.857411623001099, "_step": 0, "_wandb": {"runtime": 4}}