{"global_step": 822400, "_timestamp": 1751499954.61221, "_runtime": 86393.97072911263, "_step": 9067, "charts/episodic_return": 769.008544921875, "charts/episodic_length": 1000.0, "losses/qf1_values": 23.544321060180664, "losses/qf2_values": 23.44669532775879, "losses/qf1_loss": 0.2984539866447449, "losses/qf2_loss": 0.041949331760406494, "losses/qf_loss_reward": 0.0006656585028395057, "losses/qf_loss_reward_t": 0.0006297728978097439, "losses/qf_loss": 0.04255041480064392, "losses/q_loss": 0.3038032054901123, "losses/target_q_loss": 0.043414365500211716, "losses/loss_r_true": 0.04079950228333473, "losses/actor_loss": -90.95989227294922, "losses/alpha": 0.05060889199376106, "rewards/eps_rewards": 0.8433981537818909, "rewards/batch_rewards": 0.842852771282196, "rewards/true_r_var": 0.00434392224997282, "charts/SPS": 9.0, "losses/alpha_loss": -0.1167626827955246}