{"global_step": 2999900, "_timestamp": 1751752503.2274969, "_runtime": 76828.90582990646, "_step": 32812, "charts/episodic_return": 2688.127197265625, "charts/episodic_length": 1000.0, "losses/qf1_values": 246.03834533691406, "losses/qf2_values": 246.04940795898438, "losses/qf1_loss": 4.099237442016602, "losses/qf2_loss": 3.4419403076171875, "losses/qf_loss_reward": 0.059002213180065155, "losses/qf_loss_reward_t": 0.07886471599340439, "losses/qf_loss": 0.9426472187042236, "losses/q_loss": 0.8763881325721741, "losses/target_q_loss": 0.9617867469787598, "losses/loss_r_true": 0.21456152200698853, "losses/actor_loss": -958.890625, "losses/alpha": 0.02948874980211258, "rewards/eps_rewards": 2.76435923576355, "rewards/batch_rewards": 2.7280502319335938, "rewards/true_r_var": 0.37835222482681274, "rewards/pre_re_ave": 3.242182731628418, "charts/SPS": 39.0, "losses/alpha_loss": 0.06045395880937576, "_wandb": {"runtime": 76830}}