{"global_step": 357000, "_timestamp": 1751002273.9260066, "_runtime": 9040.364621639252, "_step": 4070, "charts/episodic_return": 1047.0361328125, "charts/episodic_length": 1000.0, "losses/qf1_values": 40.133323669433594, "losses/qf2_values": 40.46879577636719, "losses/qf1_loss": 12.105062484741211, "losses/qf2_loss": 9.179510116577148, "losses/qf_loss_reward": 0.015287620946764946, "losses/qf_loss_reward_t": 0.155011385679245, "losses/qf_loss": 2.660571575164795, "losses/q_loss": 1.726698875427246, "losses/target_q_loss": 2.7145917415618896, "losses/loss_r_true": 0.49745476245880127, "losses/actor_loss": -202.74310302734375, "losses/alpha": 0.013713679276406765, "rewards/eps_rewards": -0.5210682153701782, "rewards/batch_rewards": -0.47975850105285645, "rewards/true_r_var": 1.017214298248291, "charts/SPS": 39.0, "losses/alpha_loss": -0.03240383043885231}