{"global_step": 2999900, "_timestamp": 1751753734.234594, "_runtime": 78046.56649804115, "_step": 37892, "charts/episodic_return": 3.4416966438293457, "charts/episodic_length": 26.0, "losses/qf1_values": 113.31908416748047, "losses/qf2_values": 113.18277740478516, "losses/qf1_loss": 131.8848876953125, "losses/qf2_loss": 97.40560913085938, "losses/qf_loss_reward": 0.4418928921222687, "losses/qf_loss_reward_t": 2.5472593307495117, "losses/qf_loss": 28.661312103271484, "losses/q_loss": 90.85895538330078, "losses/target_q_loss": 29.24325180053711, "losses/loss_r_true": 23.220195770263672, "losses/actor_loss": -213.42645263671875, "losses/alpha": 0.06666097044944763, "rewards/eps_rewards": 1.728533148765564, "rewards/batch_rewards": 1.8176113367080688, "rewards/true_r_var": 2.41821026802063, "rewards/pre_re_ave": 2.5084476470947266, "charts/SPS": 38.0, "losses/alpha_loss": -0.2160680592060089, "_wandb": {"runtime": 78048}}