{"global_step": 0, "_timestamp": 1739366789.8931851, "_runtime": 6.636029243469238, "_step": 0, "_wandb": {"runtime": 7}}