{"global_step": 2999900, "_timestamp": 1752235215.3522952, "_runtime": 30064.07539820671, "_step": 33731, "charts/episodic_return": 2489.850830078125, "charts/episodic_length": 1000.0, "losses/qf1_values": 89.49691772460938, "losses/qf2_values": 89.93685913085938, "losses/qf1_loss": 8.68562126159668, "losses/qf2_loss": 8.624472618103027, "losses/qf_loss_reward": 0.004258634522557259, "losses/qf_loss_reward_t": 1.1963982582092285, "losses/qf_loss": 8.655046463012695, "losses/r_loss": 2.7879998683929443, "losses/target_q_loss": 8.830778121948242, "losses/actor_loss": -88.81089782714844, "losses/alpha": 0.025584504008293152, "rewards/eps_rewards": 2.1772985458374023, "rewards/batch_rewards": 2.231736183166504, "rewards/true_r_var": 1.0965306758880615, "rewards/pre_re_ave": 2.2425026893615723, "charts/SPS": 99.0, "losses/alpha_loss": 0.014958214946091175, "_wandb": {"runtime": 30064}}