{"global_step": 327580, "_timestamp": 1751499804.24348, "_runtime": 8230.02636384964, "_step": 3663, "charts/episodic_return": 840.8323974609375, "charts/episodic_length": 1000.0, "losses/qf1_values": 61.51508712768555, "losses/qf2_values": 61.156761169433594, "losses/qf1_loss": 0.3358781635761261, "losses/qf2_loss": 0.08566254377365112, "losses/qf_loss_reward": 0.0157206729054451, "losses/qf_loss_reward_t": 0.061978910118341446, "losses/qf_loss": 0.05269258841872215, "losses/q_loss": 0.05592520534992218, "losses/target_q_loss": 0.05376244708895683, "losses/loss_r_true": 0.02602498233318329, "losses/actor_loss": -242.47280883789062, "losses/alpha": 0.016580186784267426, "rewards/eps_rewards": 0.5593155026435852, "rewards/batch_rewards": 0.5401883125305176, "rewards/true_r_var": 0.03906827047467232, "charts/SPS": 39.0, "losses/alpha_loss": -0.025190316140651703}