{"global_step": 669532, "_timestamp": 1747197883.2459958, "_runtime": 23498.240771770477, "_step": 8770, "charts/episodic_return": 431.057861328125, "charts/episodic_length": 171.0, "losses/qf1_values": 303.565185546875, "losses/qf2_values": 301.25726318359375, "losses/qf1_loss": 16.586231231689453, "losses/qf2_loss": 15.167678833007812, "losses/qf_loss": 8.558218955993652, "losses/q_loss": 42.60131072998047, "losses/actor_loss": -992.201171875, "losses/alpha": 0.114350326359272, "rewards/eps_rewards": 2.4920482635498047, "rewards/batch_rewards": 2.472456455230713, "rewards/true_r_var": 0.09583862870931625, "charts/SPS": 28.0, "losses/alpha_loss": -0.7349427938461304}