{"global_step": 2999900, "_timestamp": 1750993288.2765567, "_runtime": 77520.12756681442, "_step": 33565, "charts/episodic_return": 326.2200927734375, "charts/episodic_length": 170.0, "losses/qf1_values": 177.6983184814453, "losses/qf2_values": 177.72933959960938, "losses/qf1_loss": 6.08145809173584, "losses/qf2_loss": 4.92445182800293, "losses/qf_loss_reward": 0.05807201564311981, "losses/qf_loss_reward_t": 0.0015089260414242744, "losses/qf_loss": 1.3757387399673462, "losses/q_loss": 6.767538070678711, "losses/target_q_loss": 1.4036736488342285, "losses/loss_r_true": 1.354447364807129, "losses/actor_loss": -684.8356323242188, "losses/alpha": 0.02974730171263218, "rewards/eps_rewards": 2.3479669094085693, "rewards/batch_rewards": 2.2108590602874756, "rewards/true_r_var": 0.83332359790802, "charts/SPS": 38.0, "losses/alpha_loss": -0.03805149346590042, "_wandb": {"runtime": 77522}}