{"global_step": 95000, "_timestamp": 1748931841.8936782, "_runtime": 2541.0569031238556, "_step": 1070, "charts/episodic_return": 705.7628784179688, "charts/episodic_length": 1000.0, "losses/qf1_values": 25.918943405151367, "losses/qf2_values": 25.874011993408203, "losses/qf1_loss": 0.8912633061408997, "losses/qf2_loss": 0.464419424533844, "losses/qf_loss": 0.3995280861854553, "losses/q_loss": 1.4947344064712524, "losses/actor_loss": -176.3705596923828, "losses/alpha": 0.014900772832334042, "rewards/eps_rewards": 0.2259860783815384, "rewards/batch_rewards": 0.3043789863586426, "rewards/true_r_var": 0.5048118829727173, "charts/SPS": 37.0, "losses/alpha_loss": 0.03966972604393959}