{"global_step": 1346600, "_timestamp": 1739514444.54724, "_runtime": 32309.86406803131, "_step": 15010, "charts/episodic_return": 257.0475158691406, "charts/episodic_length": 1000.0, "losses/qf1_values": 666.9969482421875, "losses/qf2_values": 666.1671752929688, "losses/qf1_loss": 23.840511322021484, "losses/qf2_loss": 24.632293701171875, "losses/qf_loss": 24.23640251159668, "losses/actor_loss": -667.1513671875, "losses/alpha": 0.07858144491910934, "losses/re_loss": 9.819604019867256e-05, "rewards/q_r_loss": 25.66838836669922, "rewards/pre_re": 1.077714443206787, "rewards/pre_rewards": 2.991987705230713, "rewards/eps_rewards": 3.006244421005249, "rewards/batch_rewards": 2.9958648681640625, "rewards/true_r_var": 1.2238589525222778, "rewards/a_var1": 23.863365173339844, "rewards/a_var2": 23.91854476928711, "rewards/r_var1": 23.84078598022461, "rewards/r_var2": 23.97745132446289, "rewards/r_q_v_max": 19.20880126953125, "rewards/r_q_v_min": -18.10601806640625, "rewards/r_true_max": 5.200700759887695, "rewards/r_true_min": -0.6600876450538635, "charts/SPS": 41.0, "losses/alpha_loss": 0.18967893719673157}