{"global_step": 239400, "_timestamp": 1747584587.512177, "_runtime": 12073.922656059265, "_step": 2675, "charts/episodic_return": 738.706787109375, "charts/episodic_length": 1000.0, "losses/qf1_values": 52.204002380371094, "losses/qf2_values": 51.709903717041016, "losses/qf1_loss": 1.3368771076202393, "losses/qf2_loss": 1.440797209739685, "losses/qf_loss": 1.5691492557525635, "losses/q_loss": 0.48340854048728943, "losses/actor_loss": -173.89474487304688, "losses/alpha": 0.009934951551258564, "rewards/eps_rewards": -0.3989083170890808, "rewards/batch_rewards": -0.36569392681121826, "rewards/true_r_var": 0.813772439956665, "charts/SPS": 19.0, "losses/alpha_loss": -0.12814053893089294}