{"global_step": 2999900, "_timestamp": 1752236180.1633165, "_runtime": 31390.160554409027, "_step": 34103, "charts/episodic_return": -84.5216064453125, "charts/episodic_length": 64.0, "losses/qf1_values": 134431.8125, "losses/qf2_values": 133711.453125, "losses/qf1_loss": 167550480.0, "losses/qf2_loss": 137495392.0, "losses/qf_loss_reward": 1606207.75, "losses/qf_loss_reward_t": 384537.375, "losses/qf_loss": 152522944.0, "losses/r_loss": 156194192.0, "losses/target_q_loss": 155619776.0, "losses/actor_loss": -134735.4375, "losses/alpha": 81.63374328613281, "rewards/eps_rewards": 0.2215198427438736, "rewards/batch_rewards": 0.27243509888648987, "rewards/true_r_var": 0.7900558114051819, "rewards/pre_re_ave": -1031.447265625, "charts/SPS": 95.0, "losses/alpha_loss": 93.8874282836914, "_wandb": {"runtime": 31390}}