{"global_step": 566500, "_timestamp": 1739514443.0889966, "_runtime": 14701.186900615692, "_step": 6290, "charts/episodic_return": 754.8685302734375, "charts/episodic_length": 1000.0, "losses/qf1_values": 40.44514465332031, "losses/qf2_values": 40.715599060058594, "losses/qf1_loss": 0.16687841713428497, "losses/qf2_loss": 0.285754531621933, "losses/qf_loss": 0.22631648182868958, "losses/actor_loss": -40.43457794189453, "losses/alpha": 0.007940752431750298, "losses/re_loss": 5.018410774937365e-06, "rewards/q_r_loss": 0.07557530701160431, "rewards/pre_re": 0.4659480154514313, "rewards/pre_rewards": 0.6876779198646545, "rewards/eps_rewards": 0.6857744455337524, "rewards/batch_rewards": 0.6922546625137329, "rewards/true_r_var": 0.04474932700395584, "rewards/a_var1": 0.058893244713544846, "rewards/a_var2": 0.06070138141512871, "rewards/r_var1": 0.010007822886109352, "rewards/r_var2": 0.011673522181808949, "rewards/r_q_v_max": 1.2245597839355469, "rewards/r_q_v_min": 0.09453582763671875, "rewards/r_true_max": 1.1465579271316528, "rewards/r_true_min": -0.41540950536727905, "charts/SPS": 38.0, "losses/alpha_loss": 0.011935424990952015}