{"global_step": 2999900, "_timestamp": 1752236901.7810745, "_runtime": 31517.00445842743, "_step": 33485, "charts/episodic_return": -1202.0419921875, "charts/episodic_length": 1000.0, "losses/qf1_values": 5422.740234375, "losses/qf2_values": 5540.166015625, "losses/qf1_loss": 10681.7890625, "losses/qf2_loss": 31588.107421875, "losses/qf_loss_reward": 154.6099853515625, "losses/qf_loss_reward_t": 4686.17626953125, "losses/qf_loss": 21134.94921875, "losses/r_loss": 14361.544921875, "losses/target_q_loss": 21564.07421875, "losses/actor_loss": -5490.912109375, "losses/alpha": 2.3432528972625732, "rewards/eps_rewards": -1.0711276531219482, "rewards/batch_rewards": -1.0861549377441406, "rewards/true_r_var": 0.3059176802635193, "rewards/pre_re_ave": -12.042366981506348, "charts/SPS": 95.0, "losses/alpha_loss": -2.940065383911133, "_wandb": {"runtime": 31517}}