{"global_step": 9645, "_timestamp": 1747059087.1036353, "_runtime": 305.6742763519287, "_step": 351, "charts/episodic_return": 222.6847686767578, "charts/episodic_length": 101.0, "losses/qf1_values": 34.089569091796875, "losses/qf2_values": 33.81070327758789, "losses/qf1_loss": 2.387373447418213, "losses/qf2_loss": 2.3645739555358887, "losses/qf_loss": 13.080753326416016, "losses/q_loss": 8.785810470581055, "losses/actor_loss": -160.53868103027344, "losses/alpha": 0.13645313680171967, "losses/re_loss": 3.048933285754174e-05, "losses/re_test_loss": 4.927533154841512e-07, "losses/diff_re": 0.0008144215098582208, "losses/q_r_loss": 8.495216369628906, "rewards/pre_re": 0.030616898089647293, "rewards/pre_rewards": 0.8028781414031982, "rewards/eps_rewards": 0.8012363314628601, "rewards/batch_rewards": 0.7977774143218994, "rewards/true_r_var": 0.018780695274472237, "rewards/a_var1": 1.3429261445999146, "rewards/a_var2": 0.9863813519477844, "rewards/r_var1": 1.4505672454833984, "rewards/r_var2": 1.1410107612609863, "rewards/r_q_v_max": 2.0652999877929688, "rewards/r_q_v_min": -3.2159767150878906, "rewards/r_true_max": 0.9525865316390991, "rewards/r_true_min": 0.5246190428733826, "charts/SPS": 32.0, "losses/alpha_loss": 0.5554488301277161}