{"global_step": 4987, "_timestamp": 1747136854.6662738, "_runtime": 7.157246828079224, "_step": 230, "charts/episodic_return": 14.252808570861816, "charts/episodic_length": 19.0, "_wandb": {"runtime": 7}}