{"global_step": 2999900, "_timestamp": 1752235571.0760548, "_runtime": 30254.70111489296, "_step": 33931, "charts/episodic_return": -2361.81640625, "charts/episodic_length": 1000.0, "losses/qf1_values": -24638.861328125, "losses/qf2_values": -24412.40234375, "losses/qf1_loss": 5168053.0, "losses/qf2_loss": 4965287.5, "losses/qf_loss_reward": 509546.375, "losses/qf_loss_reward_t": 1713170.25, "losses/qf_loss": 5066670.0, "losses/r_loss": 9703190.0, "losses/target_q_loss": 5169545.0, "losses/actor_loss": 25079.302734375, "losses/alpha": 33.55339431762695, "rewards/eps_rewards": -1.9381511211395264, "rewards/batch_rewards": -1.9650821685791016, "rewards/true_r_var": 0.1895623356103897, "rewards/pre_re_ave": 659.535400390625, "charts/SPS": 99.0, "losses/alpha_loss": 11.708077430725098, "_wandb": {"runtime": 30255}}