{"global_step": 138940, "_timestamp": 1739370552.7790742, "_runtime": 3497.100284099579, "_step": 2521, "charts/episodic_return": 481.00750732421875, "charts/episodic_length": 161.0, "losses/qf1_values": 163.55931091308594, "losses/qf2_values": 162.00115966796875, "losses/qf1_loss": 6.075099945068359, "losses/qf2_loss": 10.161399841308594, "losses/qf_loss": 8.118249893188477, "losses/actor_loss": -163.72975158691406, "losses/alpha": 0.08660666644573212, "losses/re_loss": 1.9075996533501893e-06, "rewards/q_r_loss": 10.162818908691406, "rewards/pre_re": 0.7631360292434692, "rewards/pre_rewards": 2.57326602935791, "rewards/eps_rewards": 2.571408987045288, "rewards/batch_rewards": 2.5627331733703613, "rewards/true_r_var": 0.6314367055892944, "rewards/a_var1": 6.062943458557129, "rewards/a_var2": 7.941348552703857, "rewards/r_var1": 6.6999053955078125, "rewards/r_var2": 8.323409080505371, "rewards/r_q_v_max": 11.009456634521484, "rewards/r_q_v_min": -15.972549438476562, "rewards/r_true_max": 3.823664903640747, "rewards/r_true_min": 1.0058754682540894, "charts/SPS": 39.0, "losses/alpha_loss": 0.04974275827407837}