{"global_step": 2999900, "_timestamp": 1750991570.0154073, "_runtime": 75801.70404529572, "_step": 34465, "charts/episodic_return": -805.393310546875, "charts/episodic_length": 940.0, "losses/qf1_values": 79.76571655273438, "losses/qf2_values": 78.82588958740234, "losses/qf1_loss": 11.897525787353516, "losses/qf2_loss": 8.086359024047852, "losses/qf_loss_reward": 0.1034042239189148, "losses/qf_loss_reward_t": 0.05786392092704773, "losses/qf_loss": 2.497985601425171, "losses/q_loss": 35.18273162841797, "losses/target_q_loss": 2.5487051010131836, "losses/loss_r_true": 2.64091157913208, "losses/actor_loss": -216.52932739257812, "losses/alpha": 0.02870284393429756, "rewards/eps_rewards": -0.4011714458465576, "rewards/batch_rewards": -0.3724402189254761, "rewards/true_r_var": 0.4803834557533264, "charts/SPS": 39.0, "losses/alpha_loss": 0.021481551229953766, "_wandb": {"runtime": 75804}}