{"global_step": 343000, "_timestamp": 1751499564.835942, "_runtime": 8619.496534109116, "_step": 3878, "charts/episodic_return": 1808.6180419921875, "charts/episodic_length": 1000.0, "losses/qf1_values": 122.25999450683594, "losses/qf2_values": 121.87789154052734, "losses/qf1_loss": 6.801990509033203, "losses/qf2_loss": 6.498354911804199, "losses/qf_loss_reward": 0.005507799796760082, "losses/qf_loss_reward_t": 0.4312686622142792, "losses/qf_loss": 1.6625431776046753, "losses/q_loss": 3.5049455165863037, "losses/target_q_loss": 2.1291980743408203, "losses/loss_r_true": 0.5946389436721802, "losses/actor_loss": -482.991455078125, "losses/alpha": 0.024582618847489357, "rewards/eps_rewards": 1.3226370811462402, "rewards/batch_rewards": 1.3141870498657227, "rewards/true_r_var": 0.9030044674873352, "charts/SPS": 39.0, "losses/alpha_loss": 0.028806934133172035}