{"global_step": 2999900, "_timestamp": 1752000831.5996466, "_runtime": 29872.24586558342, "_step": 33451, "charts/episodic_return": 3530.60595703125, "charts/episodic_length": 1000.0, "losses/qf1_values": 181.11769104003906, "losses/qf2_values": 181.32345581054688, "losses/qf1_loss": 9.832603454589844, "losses/qf2_loss": 10.245100021362305, "losses/qf_loss_reward": 0.07400896400213242, "losses/qf_loss_reward_t": 2.106708288192749, "losses/qf_loss": 10.038851737976074, "losses/r_loss": 5.084563255310059, "losses/target_q_loss": 13.55792236328125, "losses/actor_loss": -180.57330322265625, "losses/alpha": 0.041111014783382416, "rewards/eps_rewards": 3.4594109058380127, "rewards/batch_rewards": 3.3732874393463135, "rewards/true_r_var": 1.3764545917510986, "rewards/pre_re_ave": 3.204787492752075, "charts/SPS": 100.0, "losses/alpha_loss": 0.011567740701138973, "_wandb": {"runtime": 29872}}