{"global_step": 76900, "_timestamp": 1739520601.68431, "_runtime": 2337.302953004837, "_step": 1025, "charts/episodic_return": 69.269775390625, "charts/episodic_length": 200.0, "losses/qf1_values": -13.939764022827148, "losses/qf2_values": -14.261383056640625, "losses/qf1_loss": 0.7660423517227173, "losses/qf2_loss": 0.6712401509284973, "losses/qf_loss": 0.7186412811279297, "losses/q_loss": 64.09925842285156, "losses/actor_loss": 13.835437774658203, "losses/alpha": 0.011915713548660278, "losses/re_loss": 0.00017808274424169213, "rewards/q_r_loss": 63.07286834716797, "rewards/pre_re": -1.4262062311172485, "rewards/pre_rewards": -0.4883376955986023, "rewards/eps_rewards": -0.48192620277404785, "rewards/batch_rewards": -0.4431503117084503, "rewards/true_r_var": 0.7727712988853455, "rewards/a_var1": 60.903202056884766, "rewards/a_var2": 67.64796447753906, "rewards/r_var1": 58.90430450439453, "rewards/r_var2": 66.1420669555664, "rewards/r_q_v_max": 17.72615623474121, "rewards/r_q_v_min": -29.70217514038086, "rewards/r_true_max": 1.1974703073501587, "rewards/r_true_min": -2.709773302078247, "charts/SPS": 33.0, "losses/alpha_loss": 0.0024897363036870956}