{"global_step": 4994, "_timestamp": 1749613424.6552444, "_runtime": 14.482999324798584, "_step": 41, "charts/episodic_return": -23.725086212158203, "charts/episodic_length": 68.0, "_wandb": {"runtime": 13}}