{"global_step": 4987, "_timestamp": 1747064791.706473, "_runtime": 7.976875066757202, "_step": 230, "charts/episodic_return": 14.252808570861816, "charts/episodic_length": 19.0, "_wandb": {"runtime": 112}}