{"global_step": 261700, "_timestamp": 1751003956.8301184, "_runtime": 6894.205651521683, "_step": 2894, "charts/episodic_return": 837.4852905273438, "charts/episodic_length": 1000.0, "losses/qf1_values": 18.903270721435547, "losses/qf2_values": 19.942096710205078, "losses/qf1_loss": 3.0525999069213867, "losses/qf2_loss": 3.833138942718506, "losses/qf_loss_reward": 0.0030959146097302437, "losses/qf_loss_reward_t": 0.20523962378501892, "losses/qf_loss": 0.8607173562049866, "losses/q_loss": 0.16595971584320068, "losses/target_q_loss": 0.8781933784484863, "losses/loss_r_true": 0.10593327134847641, "losses/actor_loss": -220.03311157226562, "losses/alpha": 0.014897560700774193, "rewards/eps_rewards": -1.0496083498001099, "rewards/batch_rewards": -1.0434138774871826, "rewards/true_r_var": 0.38970261812210083, "charts/SPS": 38.0, "losses/alpha_loss": -0.08596380800008774}