{"global_step": 322400, "_timestamp": 1751762096.2365046, "_runtime": 8321.526462554932, "_step": 3704, "charts/episodic_return": 1072.383544921875, "charts/episodic_length": 894.0, "losses/qf1_values": 50.262054443359375, "losses/qf2_values": 50.95601272583008, "losses/qf1_loss": 15.469064712524414, "losses/qf2_loss": 12.62542724609375, "losses/qf_loss_reward": 0.016328202560544014, "losses/qf_loss_reward_t": 0.03026605397462845, "losses/qf_loss": 3.5118114948272705, "losses/q_loss": 2.157378911972046, "losses/target_q_loss": 3.5831151008605957, "losses/loss_r_true": 0.3575073778629303, "losses/actor_loss": -209.37539672851562, "losses/alpha": 0.010623554699122906, "rewards/eps_rewards": 0.8659635186195374, "rewards/batch_rewards": 0.8541107177734375, "rewards/true_r_var": 1.166817307472229, "rewards/pre_re_ave": 0.7766096591949463, "charts/SPS": 38.0, "losses/alpha_loss": -0.02894625812768936}