{"global_step": 27100, "_timestamp": 1744804369.6907732, "_runtime": 1432.27245926857, "_step": 331, "charts/episodic_return": 678.6375122070312, "charts/episodic_length": 1000.0, "losses/qf1_values": -4.9070234298706055, "losses/qf2_values": -4.663360595703125, "losses/qf1_loss": 0.12999650835990906, "losses/qf2_loss": 0.01827913522720337, "losses/qf_loss": 0.5246330499649048, "losses/q_loss": 0.5464046001434326, "losses/actor_loss": -13.33718204498291, "losses/alpha": 0.01000216044485569, "losses/re_loss": 0.005672005470842123, "losses/q_r_loss": 0.4374246597290039, "rewards/pre_re": -0.41005855798721313, "rewards/pre_rewards": -0.19008277356624603, "rewards/eps_rewards": -0.12416300177574158, "rewards/batch_rewards": -0.12998345494270325, "rewards/true_r_var": 0.05107736214995384, "rewards/a_var1": 0.056347161531448364, "rewards/a_var2": 0.06565099209547043, "rewards/r_var1": 0.00524298008531332, "rewards/r_var2": 0.01049946527928114, "rewards/r_q_v_max": -0.2204442024230957, "rewards/r_q_v_min": -0.62152099609375, "rewards/r_true_max": 0.27563175559043884, "rewards/r_true_min": -0.6000968813896179, "charts/SPS": 19.0, "losses/alpha_loss": 0.03398403525352478}