{"global_step": 226475, "_timestamp": 1747324035.5451512, "_runtime": 9937.227922201157, "_step": 7927, "charts/episodic_return": 77.30501556396484, "charts/episodic_length": 42.0, "losses/qf1_values": 126.7611083984375, "losses/qf2_values": 126.80010986328125, "losses/qf1_loss": 10.534892082214355, "losses/qf2_loss": 10.351949691772461, "losses/qf_loss": 11.571317672729492, "losses/q_loss": 373.24700927734375, "losses/actor_loss": -507.3514404296875, "losses/alpha": 0.0023182500153779984, "rewards/eps_rewards": 1.8272439241409302, "rewards/batch_rewards": 1.8401172161102295, "rewards/true_r_var": 0.13406901061534882, "charts/SPS": 22.0, "losses/alpha_loss": 0.01589774340391159}