{"global_step": 89561, "_timestamp": 1739370554.098337, "_runtime": 2530.828775882721, "_step": 1008, "charts/episodic_return": -15.088252067565918, "charts/episodic_length": 12.0, "losses/qf1_values": 28.649028778076172, "losses/qf2_values": 28.018213272094727, "losses/qf1_loss": 0.030823299661278725, "losses/qf2_loss": 0.4083421528339386, "losses/qf_loss": 0.2195827215909958, "losses/actor_loss": -28.185352325439453, "losses/alpha": 0.014986280351877213, "losses/re_loss": 0.00013410170504357666, "rewards/q_r_loss": 0.4713699519634247, "rewards/pre_re": -0.2707933783531189, "rewards/pre_rewards": 0.356606125831604, "rewards/eps_rewards": 0.3458997905254364, "rewards/batch_rewards": 0.3430804908275604, "rewards/true_r_var": 0.06139156222343445, "rewards/a_var1": 0.08623471111059189, "rewards/a_var2": 0.08698219805955887, "rewards/r_var1": 0.03057897835969925, "rewards/r_var2": 0.029889408499002457, "rewards/r_q_v_max": 0.4855232238769531, "rewards/r_q_v_min": -0.8269824981689453, "rewards/r_true_max": 0.7939835786819458, "rewards/r_true_min": -1.2437642812728882, "charts/SPS": 35.0, "losses/alpha_loss": 0.04056593030691147}