{"global_step": 5300, "_timestamp": 1747052976.973035, "_runtime": 15.89015817642212, "_step": 44, "charts/episodic_return": -23.725086212158203, "charts/episodic_length": 68.0, "losses/qf1_values": 7.257608413696289, "losses/qf2_values": 7.311699867248535, "losses/qf1_loss": 3.9000589847564697, "losses/qf2_loss": 3.452592372894287, "losses/qf_loss": 3.326460838317871, "losses/q_loss": 2.6572189331054688, "losses/actor_loss": -46.14374923706055, "losses/alpha": 0.7480841279029846, "losses/re_loss": 0.03274214267730713, "losses/q_r_loss": 2.7588629722595215, "rewards/pre_re": -1.0760064125061035, "rewards/pre_rewards": 0.302668035030365, "rewards/eps_rewards": 0.14162075519561768, "rewards/batch_rewards": 0.3516559600830078, "rewards/true_r_var": 0.8306772112846375, "rewards/a_var1": 1.9010800123214722, "rewards/a_var2": 1.6433212757110596, "rewards/r_var1": 1.409297227859497, "rewards/r_var2": 1.2255172729492188, "rewards/r_q_v_max": 5.661305904388428, "rewards/r_q_v_min": -2.6713075637817383, "rewards/r_true_max": 2.022547721862793, "rewards/r_true_min": -1.8343244791030884, "charts/SPS": 420.0, "losses/alpha_loss": 39.70328903198242}