{"global_step": 4994, "_timestamp": 1751941314.416895, "_runtime": 7.024227857589722, "_step": 41, "charts/episodic_return": -23.725086212158203, "charts/episodic_length": 68.0, "_wandb": {"runtime": 6}}