{"global_step": 59801, "_timestamp": 1738567677.8577642, "_runtime": 689.5650672912598, "_step": 1126, "charts/episodic_return": 366.4917907714844, "charts/episodic_length": 205.0, "losses/qf1_values": 131.7149200439453, "losses/qf2_values": 133.994140625, "losses/qf1_loss": 218.99826049804688, "losses/qf2_loss": 139.5494384765625, "losses/qf_loss": 179.2738494873047, "losses/actor_loss": -141.23207092285156, "losses/alpha": 0.07560358941555023, "losses/re_loss": 0.00011564828309928998, "rewards/q_r_loss": 61.54500961303711, "rewards/pre_re": -1.6694762706756592, "rewards/pre_rewards": 0.8052802085876465, "rewards/eps_rewards": 0.8142123222351074, "rewards/batch_rewards": 0.8114267587661743, "rewards/true_r_var": 0.006588442716747522, "rewards/a_var1": 85.99459838867188, "rewards/a_var2": 55.31621170043945, "rewards/r_var1": 86.453369140625, "rewards/r_var2": 55.27786636352539, "rewards/r_q_v_max": 20.980478286743164, "rewards/r_q_v_min": -18.02611541748047, "rewards/r_true_max": 0.9617781639099121, "rewards/r_true_min": 0.6720705628395081, "charts/SPS": 87.0, "losses/alpha_loss": -0.038730137050151825, "_wandb": {"runtime": 688}}