{"global_step": 1522800, "_timestamp": 1751088691.913449, "_runtime": 86389.99496912956, "_step": 16804, "charts/episodic_return": 797.3953857421875, "charts/episodic_length": 1000.0, "losses/qf1_values": 75.6951904296875, "losses/qf2_values": 75.60090637207031, "losses/qf1_loss": 0.013312363997101784, "losses/qf2_loss": 0.008213067427277565, "losses/qf_loss_reward": 3.358769754413515e-05, "losses/qf_loss_reward_t": 0.0015616717282682657, "losses/qf_loss": 0.0026906789280474186, "losses/q_loss": 0.03269784897565842, "losses/target_q_loss": 0.0027453009970486164, "losses/loss_r_true": 0.0012632820289582014, "losses/actor_loss": -299.6396484375, "losses/alpha": 0.014765799045562744, "rewards/eps_rewards": 0.8475167751312256, "rewards/batch_rewards": 0.8453027009963989, "rewards/true_r_var": 0.001975992461666465, "charts/SPS": 17.0, "losses/alpha_loss": 0.053495440632104874}