{"global_step": 371976, "_timestamp": 1751762066.425725, "_runtime": 9523.505071878433, "_step": 4209, "charts/episodic_return": 1530.38720703125, "charts/episodic_length": 1000.0, "losses/qf1_values": 79.55574035644531, "losses/qf2_values": 79.91372680664062, "losses/qf1_loss": 13.340047836303711, "losses/qf2_loss": 12.158223152160645, "losses/qf_loss_reward": 0.04948022589087486, "losses/qf_loss_reward_t": 0.024486057460308075, "losses/qf_loss": 3.187283992767334, "losses/q_loss": 102.89429473876953, "losses/target_q_loss": 3.2519989013671875, "losses/loss_r_true": 0.876079261302948, "losses/actor_loss": -188.82241821289062, "losses/alpha": 0.014187391847372055, "rewards/eps_rewards": 1.5076968669891357, "rewards/batch_rewards": 1.6179109811782837, "rewards/true_r_var": 0.7811601161956787, "rewards/pre_re_ave": 1.9451277256011963, "charts/SPS": 39.0, "losses/alpha_loss": -0.06907892227172852}