{"global_step": 4968, "_timestamp": 1747056274.2102418, "_runtime": 13.105729818344116, "_step": 229, "charts/episodic_return": 17.156742095947266, "charts/episodic_length": 20.0}