{"global_step": 2999900, "_timestamp": 1751772862.8279498, "_runtime": 78820.64917373657, "_step": 44114, "charts/episodic_return": -10.830198287963867, "charts/episodic_length": 9.0, "losses/qf1_values": 139.61749267578125, "losses/qf2_values": 141.95127868652344, "losses/qf1_loss": 482.08575439453125, "losses/qf2_loss": 500.43646240234375, "losses/qf_loss_reward": 7.451590538024902, "losses/qf_loss_reward_t": 3.237628221511841, "losses/qf_loss": 122.81527709960938, "losses/q_loss": 1399.115966796875, "losses/target_q_loss": 575.0519409179688, "losses/loss_r_true": 289.10028076171875, "losses/actor_loss": -306.05889892578125, "losses/alpha": 0.5219247937202454, "rewards/eps_rewards": 39.883941650390625, "rewards/batch_rewards": -1.3367769718170166, "rewards/true_r_var": 1.8355660438537598, "rewards/pre_re_ave": 45.156517028808594, "charts/SPS": 38.0, "losses/alpha_loss": 1.2520642280578613, "_wandb": {"runtime": 78822}}