{"global_step": 276000, "_timestamp": 1751780430.3732586, "_runtime": 7048.058531522751, "_step": 3212, "charts/episodic_return": 1627.9610595703125, "charts/episodic_length": 1000.0, "losses/qf1_values": 62.78181838989258, "losses/qf2_values": 62.93391799926758, "losses/qf1_loss": 8.352666854858398, "losses/qf2_loss": 9.042776107788086, "losses/qf_loss_reward": 0.014042702503502369, "losses/qf_loss_reward_t": 0.17377151548862457, "losses/qf_loss": 2.1744303703308105, "losses/q_loss": 1.4059154987335205, "losses/target_q_loss": 2.5107827186584473, "losses/loss_r_true": 0.5484731197357178, "losses/actor_loss": -127.37635040283203, "losses/alpha": 0.01808716543018818, "rewards/eps_rewards": 0.656044065952301, "rewards/batch_rewards": 0.8038215637207031, "rewards/true_r_var": 1.2432992458343506, "rewards/pre_re_ave": 0.8558719158172607, "charts/SPS": 39.0, "losses/alpha_loss": 0.1086777001619339}