{"global_step": 4987, "_timestamp": 1747065599.2887619, "_runtime": 7.6285247802734375, "_step": 230, "charts/episodic_return": 14.252808570861816, "charts/episodic_length": 19.0, "_wandb": {"runtime": 7}}