{"global_step": 233200, "_timestamp": 1747584585.7334526, "_runtime": 12025.834767580032, "_step": 2582, "charts/episodic_return": 477.10015869140625, "charts/episodic_length": 1000.0, "losses/qf1_values": 64.8338851928711, "losses/qf2_values": 64.79428100585938, "losses/qf1_loss": 0.09781969338655472, "losses/qf2_loss": 0.07194206863641739, "losses/qf_loss": 0.15625375509262085, "losses/q_loss": 0.045617010444402695, "losses/actor_loss": -254.9554901123047, "losses/alpha": 0.012814844958484173, "rewards/eps_rewards": 0.727735698223114, "rewards/batch_rewards": 0.7278109788894653, "rewards/true_r_var": 0.009744089096784592, "charts/SPS": 19.0, "losses/alpha_loss": 0.06413079798221588}