{"global_step": 1472600, "_timestamp": 1747713735.9905033, "_runtime": 49606.53704237938, "_step": 16291, "charts/episodic_return": 2845.9443359375, "charts/episodic_length": 1000.0, "losses/qf1_values": 249.73291015625, "losses/qf2_values": 249.8804168701172, "losses/qf1_loss": 0.8981882929801941, "losses/qf2_loss": 0.9254937171936035, "losses/qf_loss": 5.072719097137451, "losses/q_loss": 3.8296375274658203, "losses/actor_loss": -991.6226806640625, "losses/alpha": 0.03268502280116081, "rewards/eps_rewards": 2.516824722290039, "rewards/batch_rewards": 2.499234676361084, "rewards/true_r_var": 0.4566768705844879, "charts/SPS": 29.0, "losses/alpha_loss": 0.07117325812578201}