{"global_step": 2999900, "_timestamp": 1752007003.6614137, "_runtime": 30240.207199573517, "_step": 33729, "charts/episodic_return": 2664.017333984375, "charts/episodic_length": 1000.0, "losses/qf1_values": 113.34925079345703, "losses/qf2_values": 113.06845092773438, "losses/qf1_loss": 26.923416137695312, "losses/qf2_loss": 25.39358139038086, "losses/qf_loss_reward": 0.008284417912364006, "losses/qf_loss_reward_t": 0.02857436053454876, "losses/qf_loss": 26.158498764038086, "losses/r_loss": 3.405003070831299, "losses/target_q_loss": 71.95870971679688, "losses/actor_loss": -114.53263092041016, "losses/alpha": 0.03613230958580971, "rewards/eps_rewards": 0.6011949777603149, "rewards/batch_rewards": 0.6517324447631836, "rewards/true_r_var": 0.5950705409049988, "rewards/pre_re_ave": 0.68128502368927, "charts/SPS": 99.0, "losses/alpha_loss": 0.04544491693377495, "_wandb": {"runtime": 30240}}