{"global_step": 2824100, "_timestamp": 1739824061.3241618, "_runtime": 103730.78807377815, "_step": 31011, "charts/episodic_return": 34.550533294677734, "charts/episodic_length": 1000.0, "losses/qf1_values": 10.308921813964844, "losses/qf2_values": 10.322159767150879, "losses/qf1_loss": 0.0006331795011647046, "losses/qf2_loss": 0.00047725773765705526, "losses/qf_loss": 0.0005552186048589647, "losses/q_loss": 0.6021614670753479, "losses/actor_loss": -10.320114135742188, "losses/alpha": 0.0010329498909413815, "losses/re_loss": 5.827338554809103e-06, "rewards/q_r_loss": 0.0021852701902389526, "rewards/pre_re": 0.049396589398384094, "rewards/pre_rewards": 0.06553860008716583, "rewards/eps_rewards": 0.0678318664431572, "rewards/batch_rewards": 0.0586557537317276, "rewards/true_r_var": 0.6053198575973511, "rewards/a_var1": 0.6053802967071533, "rewards/a_var2": 0.6012099385261536, "rewards/r_var1": 0.0004112645401619375, "rewards/r_var2": 0.0004745055630337447, "rewards/r_q_v_max": 0.11443614959716797, "rewards/r_q_v_min": -0.022161483764648438, "rewards/r_true_max": 1.5509775876998901, "rewards/r_true_min": -1.044265627861023, "charts/SPS": 27.0, "losses/alpha_loss": 0.0004980648518539965}