{"global_step": 90561, "_timestamp": 1739370554.6958392, "_runtime": 2550.5786731243134, "_step": 1019, "charts/episodic_return": 535.5045166015625, "charts/episodic_length": 1000.0, "losses/qf1_values": 29.19015121459961, "losses/qf2_values": 29.441940307617188, "losses/qf1_loss": 0.1284385323524475, "losses/qf2_loss": 0.11768889427185059, "losses/qf_loss": 0.12306371331214905, "losses/actor_loss": -29.28022003173828, "losses/alpha": 0.01384433638304472, "losses/re_loss": 9.424514502143211e-08, "rewards/q_r_loss": 0.14649289846420288, "rewards/pre_re": 0.36444827914237976, "rewards/pre_rewards": 0.3740706145763397, "rewards/eps_rewards": 0.3737022578716278, "rewards/batch_rewards": 0.3744090795516968, "rewards/true_r_var": 0.08159977197647095, "rewards/a_var1": 0.27356910705566406, "rewards/a_var2": 0.1190287321805954, "rewards/r_var1": 0.12843699753284454, "rewards/r_var2": 0.05491440370678902, "rewards/r_q_v_max": 2.4344520568847656, "rewards/r_q_v_min": -2.349498748779297, "rewards/r_true_max": 2.0684492588043213, "rewards/r_true_min": -1.2322379350662231, "charts/SPS": 35.0, "losses/alpha_loss": 0.03421461582183838}