{"global_step": 2999900, "_timestamp": 1748929261.5269647, "_runtime": 83800.84739160538, "_step": 33122, "charts/episodic_return": 3774.943603515625, "charts/episodic_length": 1000.0, "losses/qf1_values": 317.8906555175781, "losses/qf2_values": 316.77911376953125, "losses/qf1_loss": 21.450153350830078, "losses/qf2_loss": 32.837745666503906, "losses/qf_loss": 34.298709869384766, "losses/q_loss": 130.08331298828125, "losses/actor_loss": -961.4764404296875, "losses/alpha": 0.07958438247442245, "rewards/eps_rewards": 4.5087504386901855, "rewards/batch_rewards": 4.494794845581055, "rewards/true_r_var": 0.4133267104625702, "charts/SPS": 35.0, "losses/alpha_loss": 0.3601722717285156, "_wandb": {"runtime": 83803}}