{"global_step": 2999900, "_timestamp": 1749772842.4381204, "_runtime": 75493.21604132652, "_step": 33128, "charts/episodic_return": 993.2210693359375, "charts/episodic_length": 1000.0, "losses/qf1_values": 87.87716674804688, "losses/qf2_values": 88.0174331665039, "losses/qf1_loss": 0.08917725086212158, "losses/qf2_loss": 0.022094618529081345, "losses/qf_loss_reward": 0.0007588471635244787, "losses/qf_loss_reward_t": 0.002600674517452717, "losses/qf_loss": 0.013908984139561653, "losses/q_loss": 3.567328453063965, "losses/target_q_loss": 0.014191342517733574, "losses/actor_loss": -340.67010498046875, "losses/alpha": 0.012495494447648525, "rewards/eps_rewards": 0.5268007516860962, "rewards/batch_rewards": 0.571601390838623, "rewards/true_r_var": 0.07766758650541306, "charts/SPS": 39.0, "losses/alpha_loss": 0.003939327783882618, "_wandb": {"runtime": 75495}}