{"global_step": 79400, "_timestamp": 1747141425.631739, "_runtime": 4175.493644952774, "_step": 1417, "charts/episodic_return": 1546.81494140625, "charts/episodic_length": 787.0, "losses/qf1_values": 179.13973999023438, "losses/qf2_values": 178.6810760498047, "losses/qf1_loss": 18.579059600830078, "losses/qf2_loss": 12.559613227844238, "losses/qf_loss": 19.93683624267578, "losses/q_loss": 3.0855014324188232, "losses/actor_loss": -591.121826171875, "losses/alpha": 0.0910796970129013, "losses/re_loss": 1.9502011127769947e-05, "losses/re_test_loss": 0.00010323708556825295, "losses/q_r_loss": 4.000731468200684, "rewards/pre_re": 0.13295483589172363, "rewards/pre_rewards": 1.6635463237762451, "rewards/eps_rewards": 1.6681305170059204, "rewards/batch_rewards": 1.6496930122375488, "rewards/true_r_var": 0.049645181745290756, "charts/SPS": 19.0, "losses/alpha_loss": -0.07939717173576355}