{"global_step": 33000, "_timestamp": 1739514442.8092213, "_runtime": 1054.984646320343, "_step": 409, "charts/episodic_return": 99.37588500976562, "charts/episodic_length": 112.0, "losses/qf1_values": 10.788015365600586, "losses/qf2_values": 10.276339530944824, "losses/qf1_loss": 0.6269376277923584, "losses/qf2_loss": 1.4065240621566772, "losses/qf_loss": 1.016730785369873, "losses/actor_loss": -11.508817672729492, "losses/alpha": 0.010140035301446915, "losses/re_loss": 0.003274262882769108, "rewards/q_r_loss": 3.0712428092956543, "rewards/pre_re": -1.7064576148986816, "rewards/pre_rewards": -0.5415570735931396, "rewards/eps_rewards": -0.48192620277404785, "rewards/batch_rewards": -0.5120732188224792, "rewards/true_r_var": 0.7793641686439514, "rewards/a_var1": 2.220810651779175, "rewards/a_var2": 2.0707807540893555, "rewards/r_var1": 1.800399899482727, "rewards/r_var2": 1.7460442781448364, "rewards/r_q_v_max": 2.006195068359375, "rewards/r_q_v_min": -5.396465301513672, "rewards/r_true_max": 1.1974703073501587, "rewards/r_true_min": -2.709773302078247, "charts/SPS": 34.0, "losses/alpha_loss": 0.001384790288284421}