{"global_step": 410300, "_timestamp": 1751002155.5127027, "_runtime": 10535.412056684494, "_step": 4703, "charts/episodic_return": 1344.107177734375, "charts/episodic_length": 1000.0, "losses/qf1_values": 54.76251983642578, "losses/qf2_values": 55.18962097167969, "losses/qf1_loss": 1.0986831188201904, "losses/qf2_loss": 1.0525903701782227, "losses/qf_loss_reward": 0.014153675176203251, "losses/qf_loss_reward_t": 0.022609546780586243, "losses/qf_loss": 0.26890918612480164, "losses/q_loss": 1.5774857997894287, "losses/target_q_loss": 0.27436909079551697, "losses/loss_r_true": 0.2639700770378113, "losses/actor_loss": -161.24618530273438, "losses/alpha": 0.009396971203386784, "rewards/eps_rewards": 0.7738077640533447, "rewards/batch_rewards": 0.7680287957191467, "rewards/true_r_var": 0.2214115411043167, "charts/SPS": 39.0, "losses/alpha_loss": 0.01950753852725029}