{"global_step": 2999900, "_timestamp": 1752234947.2065365, "_runtime": 29796.319808483124, "_step": 34005, "charts/episodic_return": -1667.75, "charts/episodic_length": 1000.0, "losses/qf1_values": 113679.9765625, "losses/qf2_values": 118397.46875, "losses/qf1_loss": 990817728.0, "losses/qf2_loss": 900813248.0, "losses/qf_loss_reward": 3309070.25, "losses/qf_loss_reward_t": 34070676.0, "losses/qf_loss": 945815488.0, "losses/r_loss": 252415728.0, "losses/target_q_loss": 1761514752.0, "losses/actor_loss": -114477.609375, "losses/alpha": 97.72813415527344, "rewards/eps_rewards": -2.176243543624878, "rewards/batch_rewards": -2.22399640083313, "rewards/true_r_var": 0.6980129480361938, "rewards/pre_re_ave": 1528.8956298828125, "charts/SPS": 100.0, "losses/alpha_loss": -292.5322265625, "_wandb": {"runtime": 29796}}