{"global_step": 315100, "_timestamp": 1751499802.6090283, "_runtime": 8228.31838440895, "_step": 3526, "charts/episodic_return": 865.685791015625, "charts/episodic_length": 1000.0, "losses/qf1_values": 60.41215515136719, "losses/qf2_values": 60.40147018432617, "losses/qf1_loss": 0.06658197939395905, "losses/qf2_loss": 0.011394486762583256, "losses/qf_loss_reward": 0.008149292320013046, "losses/qf_loss_reward_t": 0.020043712109327316, "losses/qf_loss": 0.009747058153152466, "losses/q_loss": 0.1347677856683731, "losses/target_q_loss": 0.009944954887032509, "losses/loss_r_true": 0.009825640358030796, "losses/actor_loss": -238.46640014648438, "losses/alpha": 0.018925264477729797, "rewards/eps_rewards": 0.8240718841552734, "rewards/batch_rewards": 0.8283915519714355, "rewards/true_r_var": 0.0030723384115844965, "charts/SPS": 38.0, "losses/alpha_loss": 0.014728795737028122}