{"global_step": 488400, "_timestamp": 1747514636.6298838, "_runtime": 22383.67012476921, "_step": 6420, "charts/episodic_return": 3263.596435546875, "charts/episodic_length": 1000.0, "losses/qf1_values": 31.868309020996094, "losses/qf2_values": 28.75, "losses/qf1_loss": 18.274120330810547, "losses/qf2_loss": 3.6447107791900635, "losses/qf_loss": 24.084110260009766, "losses/q_loss": 20.81102752685547, "losses/actor_loss": -867.9827270507812, "losses/alpha": 0.05997864156961441, "rewards/eps_rewards": 2.707423210144043, "rewards/batch_rewards": 2.7093958854675293, "rewards/true_r_var": 0.003690033685415983, "charts/SPS": 21.0, "losses/alpha_loss": -0.30267930030822754}