{"global_step": 2999900, "_timestamp": 1752236940.9742436, "_runtime": 31624.656938552856, "_step": 33613, "charts/episodic_return": 1837.95458984375, "charts/episodic_length": 1000.0, "losses/qf1_values": 63.399169921875, "losses/qf2_values": 63.833641052246094, "losses/qf1_loss": 3.345928192138672, "losses/qf2_loss": 5.386218070983887, "losses/qf_loss_reward": 0.4715788662433624, "losses/qf_loss_reward_t": 0.3765859007835388, "losses/qf_loss": 4.366073131561279, "losses/r_loss": 4.341923713684082, "losses/target_q_loss": 4.4547224044799805, "losses/actor_loss": -62.80219268798828, "losses/alpha": 0.013897746801376343, "rewards/eps_rewards": 1.523858666419983, "rewards/batch_rewards": 1.545440673828125, "rewards/true_r_var": 0.6991462707519531, "rewards/pre_re_ave": 0.8397643566131592, "charts/SPS": 94.0, "losses/alpha_loss": 0.008524559438228607, "_wandb": {"runtime": 31625}}