{"global_step": 2999900, "_timestamp": 1752235932.6016955, "_runtime": 30547.863906621933, "_step": 33418, "charts/episodic_return": -1172.00732421875, "charts/episodic_length": 1000.0, "losses/qf1_values": -793.949462890625, "losses/qf2_values": -748.6333618164062, "losses/qf1_loss": 68585.859375, "losses/qf2_loss": 108339.4375, "losses/qf_loss_reward": 1609.2579345703125, "losses/qf_loss_reward_t": 669.84765625, "losses/qf_loss": 88462.6484375, "losses/r_loss": 79324.9375, "losses/target_q_loss": 90258.796875, "losses/actor_loss": 769.551025390625, "losses/alpha": 2.386904001235962, "rewards/eps_rewards": -0.5185225009918213, "rewards/batch_rewards": -0.510521411895752, "rewards/true_r_var": 0.6565996408462524, "rewards/pre_re_ave": 37.55817413330078, "charts/SPS": 98.0, "losses/alpha_loss": 0.7335665225982666, "_wandb": {"runtime": 30548}}