{"global_step": 4987, "_timestamp": 1747065473.459208, "_runtime": 6.971789121627808, "_step": 230, "charts/episodic_return": 14.252808570861816, "charts/episodic_length": 19.0, "_wandb": {"runtime": 6}}