{"global_step": 2999996, "_timestamp": 1751771710.6042125, "_runtime": 77817.73263049126, "_step": 59832, "charts/episodic_return": -4.908734321594238, "charts/episodic_length": 9.0, "losses/qf1_values": 102.90177917480469, "losses/qf2_values": 101.87004089355469, "losses/qf1_loss": 90.67597961425781, "losses/qf2_loss": 87.90312957763672, "losses/qf_loss_reward": 0.8022902011871338, "losses/qf_loss_reward_t": 0.3136653006076813, "losses/qf_loss": 22.3223876953125, "losses/q_loss": 514.0590209960938, "losses/target_q_loss": 438.1458740234375, "losses/loss_r_true": 31.34329605102539, "losses/actor_loss": -139.64755249023438, "losses/alpha": 0.2687607705593109, "rewards/eps_rewards": 23.830726623535156, "rewards/batch_rewards": -0.7684061527252197, "rewards/true_r_var": 1.395817518234253, "rewards/pre_re_ave": 25.520160675048828, "charts/SPS": 38.0, "losses/alpha_loss": 1.1812208890914917, "_wandb": {"runtime": 77817}}