{"global_step": 662200, "_timestamp": 1739537872.48723, "_runtime": 21365.469318151474, "_step": 7199, "charts/episodic_return": 504.8205261230469, "charts/episodic_length": 1000.0, "losses/qf1_values": 63.64276123046875, "losses/qf2_values": 63.95095443725586, "losses/qf1_loss": 0.604888916015625, "losses/qf2_loss": 0.41051948070526123, "losses/qf_loss": 0.5077041983604431, "losses/q_loss": 0.8644862771034241, "losses/actor_loss": -64.13156127929688, "losses/alpha": 0.03468220308423042, "losses/re_loss": 7.182419722084887e-06, "rewards/q_r_loss": 1.0833626985549927, "rewards/pre_re": 0.039822474122047424, "rewards/pre_rewards": 0.6643880605697632, "rewards/eps_rewards": 0.6646088361740112, "rewards/batch_rewards": 0.659328281879425, "rewards/true_r_var": 0.03735242784023285, "rewards/a_var1": 0.7118792533874512, "rewards/a_var2": 0.7256675958633423, "rewards/r_var1": 0.6842345595359802, "rewards/r_var2": 0.7374659776687622, "rewards/r_q_v_max": 3.50067138671875, "rewards/r_q_v_min": -4.647525787353516, "rewards/r_true_max": 1.0933903455734253, "rewards/r_true_min": -0.6437033414840698, "charts/SPS": 31.0, "losses/alpha_loss": 0.11261814832687378}