{"global_step": 2799100, "_timestamp": 1739824061.5576067, "_runtime": 104228.86155676842, "_step": 30874, "charts/episodic_return": 779.31787109375, "charts/episodic_length": 1000.0, "losses/qf1_values": 77.89967346191406, "losses/qf2_values": 77.90657806396484, "losses/qf1_loss": 0.0007540980004705489, "losses/qf2_loss": 0.0006867455085739493, "losses/qf_loss": 0.0007204217836260796, "losses/q_loss": 0.035422444343566895, "losses/actor_loss": -77.84021759033203, "losses/alpha": 0.004211192950606346, "losses/re_loss": 5.425868948805146e-06, "rewards/q_r_loss": 0.009135867469012737, "rewards/pre_re": 0.8402594923973083, "rewards/pre_rewards": 0.8469935655593872, "rewards/eps_rewards": 0.8443591594696045, "rewards/batch_rewards": 0.8421065211296082, "rewards/true_r_var": 0.03903420642018318, "rewards/a_var1": 0.03699462115764618, "rewards/a_var2": 0.03390665352344513, "rewards/r_var1": 0.0007540000369772315, "rewards/r_var2": 0.0006432150839827955, "rewards/r_q_v_max": 0.9629592895507812, "rewards/r_q_v_min": 0.5828628540039062, "rewards/r_true_max": 1.015497088432312, "rewards/r_true_min": -1.1853604316711426, "charts/SPS": 26.0, "losses/alpha_loss": 0.003049227176234126}