{"global_step": 69700, "_timestamp": 1747146268.602414, "_runtime": 4381.896475791931, "_step": 794, "charts/episodic_return": 388.9769287109375, "charts/episodic_length": 1000.0, "losses/qf1_values": 15.910219192504883, "losses/qf2_values": 16.09786033630371, "losses/qf1_loss": 0.0026260698214173317, "losses/qf2_loss": 0.016094869002699852, "losses/qf_loss": 0.005773553624749184, "losses/q_loss": 0.11592116951942444, "losses/actor_loss": -65.29024505615234, "losses/alpha": 0.022900665178894997, "rewards/eps_rewards": 0.30465924739837646, "rewards/batch_rewards": 0.3140866458415985, "rewards/true_r_var": 0.7107391953468323, "charts/SPS": 15.0, "losses/alpha_loss": 0.1952616274356842}