{"global_step": 2836300, "_timestamp": 1739824058.2488687, "_runtime": 104154.98841762543, "_step": 31142, "charts/episodic_return": 9823.1826171875, "charts/episodic_length": 1000.0, "losses/qf1_values": 898.2010498046875, "losses/qf2_values": 898.1593017578125, "losses/qf1_loss": 19.70492935180664, "losses/qf2_loss": 23.16666030883789, "losses/qf_loss": 21.435794830322266, "losses/q_loss": 28.735511779785156, "losses/actor_loss": -897.2545166015625, "losses/alpha": 0.04977423697710037, "losses/re_loss": 0.014778711833059788, "rewards/q_r_loss": 30.34739112854004, "rewards/pre_re": 8.449577331542969, "rewards/pre_rewards": 7.564496040344238, "rewards/eps_rewards": 7.667201995849609, "rewards/batch_rewards": 7.522922992706299, "rewards/true_r_var": 12.201464653015137, "rewards/a_var1": 25.680330276489258, "rewards/a_var2": 27.058849334716797, "rewards/r_var1": 17.65642738342285, "rewards/r_var2": 21.235902786254883, "rewards/r_q_v_max": 46.2508544921875, "rewards/r_q_v_min": -26.93023681640625, "rewards/r_true_max": 12.130074501037598, "rewards/r_true_min": -1.9042894840240479, "charts/SPS": 27.0, "losses/alpha_loss": -0.020722314715385437}