{"global_step": 10476, "_timestamp": 1747135968.010349, "_runtime": 265.1892890930176, "_step": 520, "charts/episodic_return": 8.197168350219727, "charts/episodic_length": 11.0, "losses/qf1_values": 0.006725992541760206, "losses/qf2_values": -0.12442663311958313, "losses/qf1_loss": 0.8305968642234802, "losses/qf2_loss": 1.2057936191558838, "losses/qf_loss": 0.6443284749984741, "losses/q_loss": 0.7298784255981445, "losses/actor_loss": 0.23623943328857422, "losses/alpha": 0.04626268520951271, "losses/re_loss": 0.0013712680665776134, "losses/re_test_loss": 0.0007164284470491111, "losses/q_r_loss": 0.8864140510559082, "rewards/pre_re": -0.06854882836341858, "rewards/pre_rewards": 0.9973000288009644, "rewards/eps_rewards": 1.0316952466964722, "rewards/batch_rewards": 1.0261900424957275, "rewards/true_r_var": 0.020869940519332886, "charts/SPS": 40.0, "losses/alpha_loss": 0.9185213446617126}