{"global_step": 11400, "_timestamp": 1747174072.041363, "_runtime": 201.3138620853424, "_step": 405, "charts/episodic_return": 200.23683166503906, "charts/episodic_length": 94.0, "losses/qf1_values": 47.40633010864258, "losses/qf2_values": 47.46289825439453, "losses/qf1_loss": 0.6138378381729126, "losses/qf2_loss": 0.5576035976409912, "losses/qf_loss": 1.0570400953292847, "losses/q_loss": 29.793067932128906, "losses/actor_loss": -167.59291076660156, "losses/alpha": 0.08930947631597519, "rewards/eps_rewards": 1.638115406036377, "rewards/batch_rewards": 1.6248259544372559, "rewards/true_r_var": 0.15397456288337708, "charts/SPS": 57.0, "losses/alpha_loss": -0.06357133388519287}