{"global_step": 2999914, "_timestamp": 1751490899.800337, "_runtime": 77694.97468996048, "_step": 33148, "charts/episodic_return": 2397.694580078125, "charts/episodic_length": 1000.0, "losses/qf1_values": 242.54290771484375, "losses/qf2_values": 242.3934783935547, "losses/qf1_loss": 5.862476348876953, "losses/qf2_loss": 6.84921932220459, "losses/qf_loss_reward": 0.009348031133413315, "losses/qf_loss_reward_t": 0.09816701710224152, "losses/qf_loss": 1.5889619588851929, "losses/q_loss": 8.149393081665039, "losses/target_q_loss": 3.488532304763794, "losses/loss_r_true": 2.5812880992889404, "losses/actor_loss": -946.7713623046875, "losses/alpha": 0.03348502516746521, "rewards/eps_rewards": 2.7972381114959717, "rewards/batch_rewards": 2.7947330474853516, "rewards/true_r_var": 0.4440775215625763, "charts/SPS": 38.0, "losses/alpha_loss": 0.01675485074520111, "_wandb": {"runtime": 77696}}