{"global_step": 11000, "_timestamp": 1744800464.7730534, "_runtime": 250.23712849617004, "_step": 107, "charts/episodic_return": -2990.578369140625, "charts/episodic_length": 1000.0, "losses/qf1_values": -308892736.0, "losses/qf2_values": 11713.4697265625, "losses/qf1_loss": -33405584539648.0, "losses/qf2_loss": -4.522211438650982e+16, "losses/qf_loss": -4.463893084215706e+16, "losses/q_loss": 9.060088341017395e+16, "losses/actor_loss": 1287228672.0, "losses/alpha": 194164.734375, "losses/re_loss": 0.005410442128777504, "losses/q_r_loss": 4.680969750786867e+16, "rewards/pre_re": -8165215.0, "rewards/pre_rewards": -2.9303488731384277, "rewards/eps_rewards": -2.9999239444732666, "rewards/batch_rewards": -2.9999241828918457, "rewards/true_r_var": 2.437707535829503e-10, "rewards/a_var1": 147285098496.0, "rewards/a_var2": 147293765632.0, "rewards/r_var1": 147285098496.0, "rewards/r_var2": 147293765632.0, "rewards/r_q_v_max": -7429184.0, "rewards/r_q_v_min": -8967360.0, "rewards/r_true_max": -2.999886989593506, "rewards/r_true_min": -2.999950885772705, "charts/SPS": 52.0, "losses/alpha_loss": -53512540.0, "_wandb": {"runtime": 219}}