{"global_step": 0, "_timestamp": 1740977784.8477223, "_runtime": 11.223264217376709, "_step": 0, "_wandb": {"runtime": 15}}