{"global_step": 35862, "_timestamp": 1747139076.1279364, "_runtime": 1988.5987663269043, "_step": 1840, "charts/episodic_return": 51.03936767578125, "charts/episodic_length": 31.0, "losses/qf1_values": 0.8795652389526367, "losses/qf2_values": 0.8491777181625366, "losses/qf1_loss": 7.184491551015526e-05, "losses/qf2_loss": 0.00012546026846393943, "losses/qf_loss": 0.0016600136877968907, "losses/q_loss": 0.04591888189315796, "losses/actor_loss": -2.567845582962036, "losses/alpha": 0.0031212172470986843, "losses/re_loss": 8.117932884488255e-05, "losses/re_test_loss": 7.655348599655554e-05, "losses/q_r_loss": 0.0021260834764689207, "rewards/pre_re": 1.6038484573364258, "rewards/pre_rewards": 1.61825692653656, "rewards/eps_rewards": 1.6289150714874268, "rewards/batch_rewards": 1.5933270454406738, "rewards/true_r_var": 0.22734761238098145, "charts/SPS": 18.0, "losses/alpha_loss": 0.006860040128231049}