{"global_step": 132700, "_timestamp": 1739370550.8914173, "_runtime": 3528.6248211860657, "_step": 1489, "charts/episodic_return": 476.96514892578125, "charts/episodic_length": 1000.0, "losses/qf1_values": 36.301700592041016, "losses/qf2_values": 36.66102600097656, "losses/qf1_loss": 0.05972418189048767, "losses/qf2_loss": 0.03348996490240097, "losses/qf_loss": 0.04660707339644432, "losses/actor_loss": -36.17685317993164, "losses/alpha": 0.016080399975180626, "losses/re_loss": 0.0019449560204520822, "rewards/q_r_loss": 0.05611637979745865, "rewards/pre_re": 0.32510513067245483, "rewards/pre_rewards": 0.5044325590133667, "rewards/eps_rewards": 0.5440206527709961, "rewards/batch_rewards": 0.5377411246299744, "rewards/true_r_var": 0.04789115488529205, "rewards/a_var1": 0.04019533097743988, "rewards/a_var2": 0.04767309129238129, "rewards/r_var1": 0.01180017739534378, "rewards/r_var2": 0.013775750063359737, "rewards/r_q_v_max": 0.6156349182128906, "rewards/r_q_v_min": -0.5383129119873047, "rewards/r_true_max": 1.5279239416122437, "rewards/r_true_min": -1.8114103078842163, "charts/SPS": 37.0, "losses/alpha_loss": 0.05812598392367363}