{"global_step": 4994, "_timestamp": 1751941009.3101876, "_runtime": 17.485389471054077, "_step": 41, "charts/episodic_return": -23.725086212158203, "charts/episodic_length": 68.0, "_wandb": {"runtime": 18}}