{"global_step": 2953200, "_timestamp": 1741244581.6036189, "_runtime": 86376.12325191498, "_step": 32529, "charts/episodic_return": 886.5028686523438, "charts/episodic_length": 1000.0, "losses/qf1_values": 89.41377258300781, "losses/qf2_values": 89.42982482910156, "losses/qf1_loss": -0.4940856695175171, "losses/qf2_loss": -0.49497270584106445, "losses/qf_loss": -0.44040101766586304, "losses/q_loss": 0.15404099225997925, "losses/actor_loss": -356.1763000488281, "losses/alpha": 0.004054212011396885, "losses/re_loss": 0.0001509269350208342, "losses/q_r_loss": 0.06521566212177277, "rewards/pre_re": 0.8917433023452759, "rewards/pre_rewards": 0.9060710668563843, "rewards/eps_rewards": 0.8954334855079651, "rewards/batch_rewards": 0.8920674920082092, "rewards/true_r_var": 0.0077250259928405285, "rewards/a_var1": 0.007373116444796324, "rewards/a_var2": 0.007234754040837288, "rewards/r_var1": 0.0006664941902272403, "rewards/r_var2": 0.001390423160046339, "rewards/r_q_v_max": 0.949127197265625, "rewards/r_q_v_min": 0.7586669921875, "rewards/r_true_max": 1.1034184694290161, "rewards/r_true_min": 0.6595985889434814, "charts/SPS": 34.0, "losses/alpha_loss": -0.005285528488457203}