{"global_step": 2999938, "_timestamp": 1750997818.092072, "_runtime": 81881.0075750351, "_step": 43372, "charts/episodic_return": -10.17354679107666, "charts/episodic_length": 9.0, "losses/qf1_values": 72.74192810058594, "losses/qf2_values": 74.22019958496094, "losses/qf1_loss": 91.4388427734375, "losses/qf2_loss": 34.34919357299805, "losses/qf_loss_reward": 13.441119194030762, "losses/qf_loss_reward_t": 18.181135177612305, "losses/qf_loss": 15.723505020141602, "losses/q_loss": 190.16453552246094, "losses/target_q_loss": 245.23226928710938, "losses/loss_r_true": 83.71888732910156, "losses/actor_loss": -159.932373046875, "losses/alpha": 0.09661178290843964, "rewards/eps_rewards": 21.470945358276367, "rewards/batch_rewards": -0.025988973677158356, "rewards/true_r_var": 2.95318341255188, "charts/SPS": 36.0, "losses/alpha_loss": 1.0014991760253906, "_wandb": {"runtime": 81882}}