{"global_step": 2300700, "_timestamp": 1739499572.1556742, "_runtime": 45468.11986422539, "_step": 28082, "charts/episodic_return": 3316.80078125, "charts/episodic_length": 1000.0, "losses/qf1_values": 288.45220947265625, "losses/qf2_values": 287.72509765625, "losses/qf1_loss": 12.200681686401367, "losses/qf2_loss": 9.163495063781738, "losses/qf_loss": 10.682088851928711, "losses/actor_loss": -287.0212707519531, "losses/alpha": 0.10258321464061737, "losses/re_loss": 0.0006822142750024796, "rewards/q_r_loss": 7.726541519165039, "rewards/pre_re": 3.713881254196167, "rewards/pre_rewards": 3.6198859214782715, "rewards/eps_rewards": 3.595885753631592, "rewards/batch_rewards": 3.58925724029541, "rewards/true_r_var": 0.3182542026042938, "rewards/a_var1": 9.742842674255371, "rewards/a_var2": 8.376380920410156, "rewards/r_var1": 9.42934513092041, "rewards/r_var2": 8.405497550964355, "rewards/r_q_v_max": 9.47796630859375, "rewards/r_q_v_min": -12.30950927734375, "rewards/r_true_max": 4.524238109588623, "rewards/r_true_min": 1.0382429361343384, "charts/SPS": 50.0, "losses/alpha_loss": 0.12019819766283035}