{"global_step": 4994, "_timestamp": 1751941571.0606854, "_runtime": 7.035299301147461, "_step": 41, "charts/episodic_return": -23.725086212158203, "charts/episodic_length": 68.0, "_wandb": {"runtime": 7}}